15000010,15000010,夏日红,,NORMAL,,,1,,1,0,0,0,15000010,,,01000,1,TURN_AFTER,3,
15000020,15000020,度假白,,NORMAL,,,1,,0,1,0,0,15000020,,,01200,1,TURN_AFTER,3,
15000030,15000030,比基尼蓝,,NORMAL,,,1,,0,0,1,0,15000030,,,02100,1,TURN_AFTER,3,
15000040,15000040,花边粉,,NORMAL,,,1,,0,0,0,1,15000040,,,01020,1,TURN_AFTER,3,
15000050,15000050,夏日蓝,,NORMAL,,,1,,1,0,0,0,15000050,,,01000,1,TURN_AFTER,3,
15000060,15000060,度假黑,,NORMAL,,,1,,0,1,0,0,15000060,,,01210,1,TURN_AFTER,3,
15000070,15000070,比基尼绿,,NORMAL,,,1,,0,0,1,0,15000070,,,02110,1,TURN_AFTER,3,
15000080,15000080,花边蓝,,NORMAL,,,1,,0,0,0,1,15000080,,,01020,1,TURN_AFTER,3,
15000090,15000090,莫德雷德秘石,,NORMAL,,,1,,1,0,0,0,15000090,,,01110,1,TURN_AFTER,3,
15000100,15000100,马尔科秘石,,NORMAL,,,1,,0,1,0,0,15000100,,,01200,1,TURN_AFTER,3,
15000110,15000110,辉夜秘石,,NORMAL,,,1,,0,0,1,0,15000110,,,02100,1,TURN_AFTER,3,
15000120,15000120,克莱尔秘石,,NORMAL,,,1,,0,0,0,1,15000120,,,01100,1,TURN_AFTER,3,
15000130,15000130,红色莫德雷德,,NORMAL,,,1,,1,0,0,0,15000130,,,01100,1,TURN_AFTER,3,
15000140,15000140,银色马尔科,,NORMAL,,,1,,0,1,0,0,15000140,,,01210,1,TURN_AFTER,3,
15000150,15000150,白色辉夜,,NORMAL,,,1,,0,0,1,0,15000150,,,02110,1,TURN_AFTER,3,
15000160,15000160,紫色克莱尔,,NORMAL,,,1,,0,0,0,1,15000160,,,01110,1,TURN_AFTER,3,
15000170,15000170,科学怪人,,NORMAL,,,1,,1,0,0,0,15000170,,,01000,1,TURN_AFTER,3,
15000180,15000180,吸血鬼,,NORMAL,,,1,,0,1,0,0,15000180,,,01000,1,TURN_AFTER,3,
15000190,15000190,魔法少女,,NORMAL,,,1,,0,0,1,0,15000190,,,01010,1,TURN_AFTER,3,
15000200,15000200,粉红女巫,,NORMAL,,,1,,0,0,0,1,15000200,,,01100,1,TURN_AFTER,3,
15000210,15000210,热血黑,,NORMAL,,,1,,1,0,0,0,15000210,,,01010,1,TURN_AFTER,3,
15000220,15000220,帝国黑,,NORMAL,,,1,,0,1,0,0,15000220,,,01100,1,TURN_AFTER,3,
15000230,15000230,水手服白,,NORMAL,,,1,,0,0,1,0,15000230,,,01110,1,TURN_AFTER,3,
15000240,15000240,盛开少女小抒情曲,,NORMAL,,,1,,0,0,0,1,15000240,,,01110,1,TURN_AFTER,3,
15000250,15000250,热血白,,NORMAL,,,1,,1,0,0,0,15000250,,,01000,1,TURN_AFTER,2,
15000260,15000260,帝国白,,NORMAL,,,1,,0,1,0,0,15000260,,,01210,1,TURN_AFTER,2,
15000270,15000270,水手服黑,,NORMAL,,,1,,0,0,1,0,15000270,,,02100,1,TURN_AFTER,2,
15000280,15000280,花样少女抒情曲,,NORMAL,,,1,,0,0,0,1,15000280,,,01100,1,TURN_AFTER,2,
15000290,15000290,托尼之王,,NORMAL,,,1,,1,0,0,0,15000290,,,01010,1,TURN_AFTER,5,
15000300,15000300,圣夜骑士红,,NORMAL,,,1,,0,1,0,0,15000300,,,01200,1,TURN_AFTER,3,
15000310,15000310,圣夜小偷红,,NORMAL,,,1,,0,0,1,0,15000310,,,01010,1,TURN_AFTER,5,
15000320,15000320,圣夜天使红,,NORMAL,,,1,,0,0,0,1,15000320,,,01020,1,TURN_AFTER,3,
15000330,15000330,托尼黑,,NORMAL,,,1,,1,0,0,0,15000330,,,01010,1,TURN_AFTER,5,
15000340,15000340,圣夜骑士黑,,NORMAL,,,1,,0,1,0,0,15000340,,,01210,1,TURN_AFTER,3,
15000350,15000350,圣夜小偷暗,,NORMAL,,,1,,0,0,1,0,15000350,,,01010,1,TURN_AFTER,5,
15000360,15000360,圣夜天使暗,,NORMAL,,,1,,0,0,0,1,15000360,,,01020,1,TURN_AFTER,5,
15000370,15000370,炎舞奏者,,NORMAL,,,1,,1,0,0,0,15000370,,,01000,1,TURN_AFTER,5,
15000380,15000380,雪华骑士,,NORMAL,,,1,,0,1,0,0,15000380,,,01200,1,TURN_AFTER,3,
15000390,15000390,桃色春姬,,NORMAL,,,1,,0,0,1,0,15000390,,,01010,1,TURN_AFTER,5,
15000400,15000400,桃色阿国,,NORMAL,,,1,,0,0,0,1,15000400,,,01110,1,TURN_AFTER,2,
15000410,15000410,冰雪奏者,,NORMAL,,,1,,1,0,0,0,15000410,,,01010,1,TURN_AFTER,3,
15000420,15000420,黑华骑士,,NORMAL,,,1,,0,1,0,0,15000420,,,01200,1,TURN_AFTER,3,
15000430,15000430,栗梅春姬,,NORMAL,,,1,,0,0,1,0,15000430,,,01010,1,TURN_AFTER,4,
15000440,15000440,堇色阿国,,NORMAL,,,1,,0,0,0,1,15000440,,,01100,1,TURN_AFTER,4,
15000450,15000450,恋爱巧克力绅士,,NORMAL,,,1,,1,0,0,0,15000450,,,01100,1,TURN_AFTER,4,
15000460,15000460,恋爱巧克力点心师,,NORMAL,,,1,,0,1,0,0,15000460,,,01000,1,TURN_AFTER,3,
15000470,15000470,恋爱巧克力小偷,,NORMAL,,,1,,0,0,1,0,15000470,,,02100,1,TURN_AFTER,4,
15000480,15000480,恋爱巧克力警察,,NORMAL,,,1,,0,0,0,1,15000480,,,01110,1,TURN_AFTER,4,
15000490,15000490,恋爱巧克力紫绅士,,NORMAL,,,1,,1,0,0,0,15000490,,,01110,1,TURN_AFTER,4,
15000500,15000500,恋爱巧克力黑点心师,,NORMAL,,,1,,0,1,0,0,15000500,,,01000,1,TURN_AFTER,3,
15000510,15000510,空色恋爱巧克力小偷,,NORMAL,,,1,,0,0,1,0,15000510,,,02110,1,TURN_AFTER,4,
15000520,15000520,恋爱巧克力甜蜜警察,,NORMAL,,,1,,0,0,0,1,15000520,,,01120,1,TURN_AFTER,3,
15000530,15000530,哥罗亚斯秘石,,NORMAL,,,1,,1,0,0,0,15000530,,,01000,1,TURN_AFTER,3,
15000540,15000540,伯纳德秘石,,NORMAL,,,1,,0,1,0,0,15000540,,,01210,1,TURN_AFTER,3,
15000550,15000550,艾妮多秘石,,NORMAL,,,1,,0,0,1,0,15000550,,,01010,1,TURN_AFTER,5,
15000560,15000560,橄榄石秘石,,NORMAL,,,1,,0,0,0,1,15000560,,,01020,1,TURN_AFTER,4,
15000570,15000570,戈德罗伊斯,,NORMAL,,,1,,1,0,0,0,15000570,,,01010,1,TURN_AFTER,2,
15000580,15000580,红骑伯纳德,,NORMAL,,,1,,0,1,0,0,15000580,,,01000,1,TURN_AFTER,3,
15000590,15000590,堕天艾妮多,,NORMAL,,,1,,0,0,1,0,15000590,,,01010,1,TURN_AFTER,3,
15000600,15000600,试零橄榄石,,NORMAL,,,1,,0,0,0,1,15000600,,,01020,1,TURN_AFTER,3,
15000610,15000610,加荷里斯秘石,,NORMAL,,,1,,1,0,0,0,15000610,,,01010,1,TURN_AFTER,3,
15000620,15000620,兰斯洛特秘石,,NORMAL,,,1,,0,1,0,0,15000620,,,01210,1,TURN_AFTER,3,
15000630,15000630,多莫维依秘石,,NORMAL,,,1,,0,0,1,0,15000630,,,02100,1,TURN_AFTER,3,
15000640,15000640,妮妙秘石,,NORMAL,,,1,,0,0,0,1,15000640,,,01100,1,TURN_AFTER,3,
15000650,15000650,宣告加荷里斯,,NORMAL,,,1,,1,0,0,0,15000650,,,01010,1,TURN_AFTER,3,
15000660,15000660,绯红兰斯洛特,,NORMAL,,,1,,0,1,0,0,15000660,,,01000,1,TURN_AFTER,3,
15000670,15000670,凶兆多莫维依,,NORMAL,,,1,,0,0,1,0,15000670,,,01010,1,TURN_AFTER,4,
15000680,15000680,白妮妙,,NORMAL,,,1,,0,0,0,1,15000680,,,01120,1,TURN_AFTER,4,
15000690,15000690,冲田总司秘石,,NORMAL,,,1,,1,0,0,0,15000690,,,01010,1,TURN_AFTER,2,
15000700,15000700,彦星秘石,,NORMAL,,,1,,0,1,0,0,15000700,,,01100,1,TURN_AFTER,3,
15000710,15000710,乌莎哈秘石,,NORMAL,,,1,,0,0,1,0,15000710,,,01110,1,TURN_AFTER,2,
15000720,15000720,君士坦丁秘石,,NORMAL,,,1,,0,0,0,1,15000720,,,01020,1,TURN_AFTER,2,
15000730,15000730,初号机：佣兵秘石,,NORMAL,,,1,,1,0,0,0,15000730,,,01000,1,TURN_AFTER,2,
15000740,15000740,初号机：富豪秘石,,NORMAL,,,1,,0,1,0,0,15000740,,,01000,1,TURN_AFTER,3,
15000750,15000750,初号机：侠客秘石,,NORMAL,,,1,,0,0,1,0,15000750,,,01010,1,TURN_AFTER,3,
15000760,15000760,初号机：歌姬秘石,,NORMAL,,,1,,0,0,0,1,15000760,,,01020,1,TURN_AFTER,2,
15000770,15000770,死剑冲田总司,,NORMAL,,,1,,1,0,0,0,15000770,,,01000,1,TURN_AFTER,3,
15000780,15000780,煌星彦星,,NORMAL,,,1,,0,1,0,0,15000780,,,01200,1,TURN_AFTER,3,
15000790,15000790,七彩乌莎哈,,NORMAL,,,1,,0,0,1,0,15000790,,,02100,1,TURN_AFTER,3,
15000800,15000800,圣神守护君士坦丁,,NORMAL,,,1,,0,0,0,1,15000800,,,01120,1,TURN_AFTER,3,
15000810,15000810,茶房之匠,,NORMAL,,,1,,1,0,0,0,15000810,,,01000,1,TURN_AFTER,3,
15000820,15000820,西洋风绅士,,NORMAL,,,1,,0,1,0,0,15000820,,,01210,1,TURN_AFTER,2,
15000830,15000830,茶屋小偷,,NORMAL,,,1,,0,0,1,0,15000830,,,01010,1,TURN_AFTER,3,
15000840,15000840,茶屋姬,,NORMAL,,,1,,0,0,0,1,15000840,,,01020,1,TURN_AFTER,3,
15000850,15000850,茶房之匠蓝,,NORMAL,,,1,,1,0,0,0,15000850,,,01010,1,TURN_AFTER,3,
15000860,15000860,西洋风绅士绿,,NORMAL,,,1,,0,1,0,0,15000860,,,01000,1,TURN_AFTER,3,
15000870,15000870,茶屋小偷红,,NORMAL,,,1,,0,0,1,0,15000870,,,02110,1,TURN_AFTER,3,
15000880,15000880,茶屋姬桃色,,NORMAL,,,1,,0,0,0,1,15000880,,,01120,1,TURN_AFTER,2,
15000890,15000890,烧烤大师,,NORMAL,,,1,,1,0,0,0,15000890,,,01010,1,TURN_AFTER,3,
15000900,15000900,伤心者,,NORMAL,,,1,,0,1,0,0,15000900,,,01000,1,TURN_AFTER,3,
15000910,15000910,月夜海狐,,NORMAL,,,1,,0,0,1,0,15000910,,,01010,1,TURN_AFTER,3,
15000920,15000920,高原散步姬,,NORMAL,,,1,,0,0,0,1,15000920,,,01110,1,TURN_AFTER,3,
15000930,15000930,夜之烧烤大师,,NORMAL,,,1,,1,0,0,0,15000930,,,01000,1,TURN_AFTER,3,
15000940,15000940,棕色伤心者,,NORMAL,,,1,,0,1,0,0,15000940,,,01000,1,TURN_AFTER,3,
15000950,15000950,月夜海狐黑,,NORMAL,,,1,,0,0,1,0,15000950,,,02100,1,TURN_AFTER,2,
15000960,15000960,高原散步姬空,,NORMAL,,,1,,0,0,0,1,15000960,,,01020,1,TURN_AFTER,2,
15000970,15000970,夜皇贵族,,NORMAL,,,1,,1,0,0,0,15000970,,,01010,1,TURN_AFTER,3,
15000980,15000980,帝国皇子,,NORMAL,,,1,,0,1,0,0,15000980,,,01200,1,TURN_AFTER,2,
15000990,15000990,王宫女仆,,NORMAL,,,1,,0,0,1,0,15000990,,,01010,1,TURN_AFTER,2,
15001000,15001000,青蔷薇的魔女姬粉色,,NORMAL,,,1,,0,0,0,1,15001000,,,01020,1,TURN_AFTER,2,
15001010,15001010,夜皇贵族（白）,,NORMAL,,,1,,1,0,0,0,15001010,,,01010,1,TURN_AFTER,3,
15001020,15001020,帝国皇子（红）,,NORMAL,,,1,,0,1,0,0,15001020,,,01000,1,TURN_AFTER,3,
15001030,15001030,王宫女仆（粉）,,NORMAL,,,1,,0,0,1,0,15001030,,,01110,1,TURN_AFTER,3,
15001040,15001040,青蔷薇的魔女姬（粉）,,NORMAL,,,1,,0,0,0,1,15001040,,,01110,1,TURN_AFTER,3,
15001050,15001050,殷勤的幻魔士,,NORMAL,,,1,,1,0,0,0,15001050,,,01010,1,TURN_AFTER,3,
15001060,15001060,魔导的技师,,NORMAL,,,1,,0,1,0,0,15001060,,,01000,1,TURN_AFTER,3,
15001070,15001070,疾风的才媛,,NORMAL,,,1,,0,0,1,0,15001070,,,01010,1,TURN_AFTER,3,
15001080,15001080,丰饶的魔法姬,,NORMAL,,,1,,0,0,0,1,15001080,,,01110,1,TURN_AFTER,2,
15001090,15001090,殷勤的幻魔士·杰克版,,NORMAL,,,1,,1,0,0,0,15001090,,,01000,1,TURN_AFTER,3,
15001100,15001100,黒魔导的技师（金）,,NORMAL,,,1,,0,1,0,0,15001100,,,01000,1,TURN_AFTER,3,
15001110,15001110,疾风的才媛(白),,NORMAL,,,1,,0,0,1,0,15001110,,,01010,1,TURN_AFTER,3,
15001120,15001120,丰饶的魔法姬(红),,NORMAL,,,1,,0,0,0,1,15001120,,,01100,1,TURN_AFTER,2,
15001130,15001130,学园的幕后番长,,NORMAL,,,1,,1,0,0,0,15001130,,,01000,1,TURN_AFTER,3,
15001140,15001140,学生会执行部,,NORMAL,,,1,,0,1,0,0,15001140,,,01210,1,TURN_AFTER,2,
15001150,15001150,学园风纪委员,,NORMAL,,,1,,0,0,1,0,15001150,,,01010,1,TURN_AFTER,3,
15001160,15001160,学园偶像,,NORMAL,,,1,,0,0,0,1,15001160,,,01120,1,TURN_AFTER,2,
15001170,15001170,学园的正义番长,,NORMAL,,,1,,1,0,0,0,15001170,,,01010,1,TURN_AFTER,3,
15001180,15001180,学生会执行部（绿）,,NORMAL,,,1,,0,1,0,0,15001180,,,01210,1,TURN_AFTER,1,
15001190,15001190,学园风纪委员（红）,,NORMAL,,,1,,0,0,1,0,15001190,,,01110,1,TURN_AFTER,3,
15001200,15001200,女番长姬,,NORMAL,,,1,,0,0,0,1,15001200,,,01210,1,TURN_AFTER,2,
15001210,15001210,防寒红,,NORMAL,,,1,,1,0,0,0,15001210,,,02110,1,TURN_AFTER,1,
15001220,15001220,日下的午餐,,NORMAL,,,1,,0,1,0,0,15001220,,,02110,1,TURN_AFTER,1,
15001230,15001230,女神的幸福论,,NORMAL,,,1,,0,0,1,0,15001230,,,02110,1,TURN_AFTER,1,
15001240,15001240,圣夜的魔法姬红,,NORMAL,,,1,,0,0,0,1,15001240,,,02110,1,TURN_AFTER,1,
15001250,15001250,防寒蓝,,NORMAL,,,1,,1,0,0,0,15001250,,,01120,1,TURN_AFTER,1,
15001260,15001260,宵夜的晚餐,,NORMAL,,,1,,0,1,0,0,15001260,,,01210,1,TURN_AFTER,1,
15001270,15001270,天使的幸福论,,NORMAL,,,1,,0,0,1,0,15001270,,,01110,1,TURN_AFTER,3,
15001280,15001280,圣夜的魔法姬蓝,,NORMAL,,,1,,0,0,0,1,15001280,,,01200,1,TURN_AFTER,2,
16000010,16000010,召唤剑＝绝技王剑,,CHALICE,MILLIONRARE,0,40,303,1,1,1,1,16000010,62000261,,16000010,1,TURN_AFTER,3,光连携2以上,30000,16000011,
16000011,16000010,召唤剑＝绝技王剑,,CHALICE,MILLIONRARE,1,50,303,1,1,1,1,16000010,62000262,,16000010,1,TURN_AFTER,3,光连携2以上,30000,16000012,
16000012,16000010,召唤剑＝绝技王剑,,CHALICE,MILLIONRARE,2,60,303,1,1,1,1,16000010,62000263,,16000010,1,TURN_AFTER,2,光连携2以上,30000,16000013,
16000013,16000010,召唤剑＝绝技王剑,,CHALICE,MILLIONRARE,3,70,303,1,1,1,1,16000010,62000264,,16000010,1,TURN_AFTER,2,光连携2以上,30000,16000014,
16000014,16000010,召唤剑＝绝技王剑,,CHALICE,MILLIONRARE,4,80,303,1,1,1,1,16000010,62000265,,16000010,1,TURN_AFTER,2,光连携2以上,30000,0,
16000020,16000020,铁血黎明,,CHALICE,RARE,0,40,302,1,1,1,1,16000020,62000161,,16000020,1,TURN_AFTER,5,光连携3以上,15000,16000021,
16000021,16000020,铁血黎明,,CHALICE,RARE,1,50,302,1,1,1,1,16000020,62000162,,16000020,1,TURN_AFTER,5,光连携3以上,15000,16000022,
16000022,16000020,铁血黎明,,CHALICE,RARE,2,60,302,1,1,1,1,16000020,62000163,,16000020,1,TURN_AFTER,4,光连携3以上,15000,16000023,
16000023,16000020,铁血黎明,,CHALICE,RARE,3,70,302,1,1,1,1,16000020,62000164,,16000020,1,TURN_AFTER,4,光连携3以上,15000,16000024,
16000024,16000020,铁血黎明,,CHALICE,RARE,4,80,302,1,1,1,1,16000020,62000165,,16000020,1,TURN_AFTER,3,光连携3以上,15000,0,
16000030,16000030,炎龙之息,,CHALICE,NORMAL,0,40,301,1,1,1,1,16000030,62000181,,16000030,1,TURN_AFTER,5,火2连携以上,10000,16000031,
16000031,16000030,炎龙之息,,CHALICE,NORMAL,1,50,301,1,1,1,1,16000030,62000182,,16000030,1,TURN_AFTER,5,火2连携以上,10000,16000032,
16000032,16000030,炎龙之息,,CHALICE,NORMAL,2,60,301,1,1,1,1,16000030,62000183,,16000030,1,TURN_AFTER,4,火2连携以上,10000,16000033,
16000033,16000030,炎龙之息,,CHALICE,NORMAL,3,70,301,1,1,1,1,16000030,62000184,,16000030,1,TURN_AFTER,4,火2连携以上,10000,16000034,
16000034,16000030,炎龙之息,,CHALICE,NORMAL,4,80,301,1,1,1,1,16000030,62000185,,16000030,1,TURN_AFTER,3,火2连携以上,10000,0,
16000040,16000040,人类感情的极致,,CHALICE,MILLIONRARE,0,40,303,1,1,1,1,16000040,62000031,,16000040,1,TURN_AFTER,3,火3连携以上,30000,16000041,
16000041,16000040,人类感情的极致,,CHALICE,MILLIONRARE,1,50,303,1,1,1,1,16000040,62000032,,16000040,1,TURN_AFTER,3,火3连携以上,30000,16000042,
16000042,16000040,人类感情的极致,,CHALICE,MILLIONRARE,2,60,303,1,1,1,1,16000040,62000033,,16000040,1,TURN_AFTER,2,火3连携以上,30000,16000043,
16000043,16000040,人类感情的极致,,CHALICE,MILLIONRARE,3,70,303,1,1,1,1,16000040,62000034,,16000040,1,TURN_AFTER,2,火3连携以上,30000,16000044,
16000044,16000040,人类感情的极致,,CHALICE,MILLIONRARE,4,80,303,1,1,1,1,16000041,62000035,,16000040,1,TURN_AFTER,2,火3连携以上,30000,0,
16000070,16000070,暗影之刺,,CHALICE,MILLIONRARE,0,40,303,1,1,1,1,16000070,62000471,,16000070,1,TURN_AFTER,4,暗2连携以上,30000,16000071,
16000071,16000070,暗影之刺,,CHALICE,MILLIONRARE,1,50,303,1,1,1,1,16000070,62000472,,16000070,1,TURN_AFTER,3,暗2连携以上,30000,16000072,
16000072,16000070,暗影之刺,,CHALICE,MILLIONRARE,2,60,303,1,1,1,1,16000070,62000473,,16000070,1,TURN_AFTER,3,暗2连携以上,30000,16000073,
16000073,16000070,暗影之刺,,CHALICE,MILLIONRARE,3,70,303,1,1,1,1,16000070,62000474,,16000070,1,TURN_AFTER,3,暗2连携以上,30000,16000074,
16000074,16000070,暗影之刺,,CHALICE,MILLIONRARE,4,80,303,1,1,1,1,16000070,62000475,,16000070,1,TURN_AFTER,2,暗2连携以上,30000,0,
16000080,16000080,宣告终焉的焦热,,CHALICE,MILLIONRARE,0,40,303,1,1,1,1,16000080,62000381,,16000080,1,TURN_AFTER,3,火2连携以上,30000,16000081,
16000081,16000080,宣告终焉的焦热,,CHALICE,MILLIONRARE,1,50,303,1,1,1,1,16000080,62000382,,16000080,1,TURN_AFTER,3,火2连携以上,30000,16000082,
16000082,16000080,宣告终焉的焦热,,CHALICE,MILLIONRARE,2,60,303,1,1,1,1,16000080,62000383,,16000080,1,TURN_AFTER,2,火2连携以上,30000,16000083,
16000083,16000080,宣告终焉的焦热,,CHALICE,MILLIONRARE,3,70,303,1,1,1,1,16000080,62000384,,16000080,1,TURN_AFTER,2,火2连携以上,30000,16000084,
16000084,16000080,宣告终焉的焦热,,CHALICE,MILLIONRARE,4,80,303,1,1,1,1,16000080,62000385,,16000080,1,TURN_AFTER,2,火2连携以上,30000,0,
16000090,16000090,巨型激光,,CHALICE,RARE,0,40,302,1,1,1,1,16000090,62000171,,16000090,1,TURN_AFTER,5,暗连携3以上,15000,16000091,
16000091,16000090,巨型激光,,CHALICE,RARE,1,50,302,1,1,1,1,16000090,62000172,,16000090,1,TURN_AFTER,5,暗连携3以上,15000,16000092,
16000092,16000090,巨型激光,,CHALICE,RARE,2,60,302,1,1,1,1,16000090,62000173,,16000090,1,TURN_AFTER,4,暗连携3以上,15000,16000093,
16000093,16000090,巨型激光,,CHALICE,RARE,3,70,302,1,1,1,1,16000090,62000174,,16000090,1,TURN_AFTER,4,暗连携3以上,15000,16000094,
16000094,16000090,巨型激光,,CHALICE,RARE,4,80,302,1,1,1,1,16000090,62000175,,16000090,1,TURN_AFTER,3,暗连携3以上,15000,0,
15001290,15001290,倾奇者(须佐之男),,NORMAL,,,1,,1,0,0,0,15001290,,,01100,1,TURN_AFTER,1,
15001300,15001300,神卫队士(蓝华),,NORMAL,,,1,,0,1,0,0,15001300,,,01210,1,TURN_AFTER,2,
15001310,15001310,新春阳光太夫,,NORMAL,,,1,,0,0,1,0,15001310,,,01010,1,TURN_AFTER,3,
15001320,15001320,神座的巫女,,NORMAL,,,1,,0,0,0,1,15001320,,,01300,1,TURN_AFTER,1,
15001330,15001330,倾奇者(月读),,NORMAL,,,1,,1,0,0,0,15001330,,,01110,1,TURN_AFTER,1,
15001340,15001340,神卫队士(松叶),,NORMAL,,,1,,0,1,0,0,15001340,,,01200,1,TURN_AFTER,2,
15001350,15001350,新春月光太夫,,NORMAL,,,1,,0,0,1,0,15001350,,,01110,1,TURN_AFTER,1,
15001360,15001360,神座的神职,,NORMAL,,,1,,0,0,0,1,15001360,,,01010,1,TURN_AFTER,2,
16000100,16000100,深炎,,CHALICE,MILLIONRARE,0,40,303,1,1,1,1,16000100,62000081,,16000100,1,TURN_AFTER,3,火3连携以上,30000,16000101,
16000101,16000100,深炎,,CHALICE,MILLIONRARE,1,50,303,1,1,1,1,16000100,62000082,,16000100,1,TURN_AFTER,3,火3连携以上,30000,16000102,
16000102,16000100,深炎,,CHALICE,MILLIONRARE,2,60,303,1,1,1,1,16000100,62000083,,16000100,1,TURN_AFTER,2,火3连携以上,30000,16000103,
16000103,16000100,深炎,,CHALICE,MILLIONRARE,3,70,303,1,1,1,1,16000100,62000084,,16000100,1,TURN_AFTER,2,火3连携以上,30000,16000104,
16000104,16000100,深炎,,CHALICE,MILLIONRARE,4,80,303,1,1,1,1,16000101,62000085,,16000100,1,TURN_AFTER,2,火3连携以上,30000,0,
16000110,16000110,怎么就这么不干脆呀！,,CHALICE,MILLIONRARE,0,40,303,1,1,1,1,16000110,62000041,,16000110,1,TURN_AFTER,3,暗3连携以上,30000,16000111,
16000111,16000110,怎么就这么不干脆呀！,,CHALICE,MILLIONRARE,1,50,303,1,1,1,1,16000110,62000042,,16000110,1,TURN_AFTER,3,暗3连携以上,30000,16000112,
16000112,16000110,怎么就这么不干脆呀！,,CHALICE,MILLIONRARE,2,60,303,1,1,1,1,16000110,62000043,,16000110,1,TURN_AFTER,2,暗3连携以上,30000,16000113,
16000113,16000110,怎么就这么不干脆呀！,,CHALICE,MILLIONRARE,3,70,303,1,1,1,1,16000110,62000044,,16000110,1,TURN_AFTER,2,暗3连携以上,30000,16000114,
16000114,16000110,怎么就这么不干脆呀！,,CHALICE,MILLIONRARE,4,80,303,1,1,1,1,16000110,62000045,,16000110,1,TURN_AFTER,2,暗3连携以上,30000,0,
16000120,16000120,双座式,,CHALICE,RARE,0,40,302,1,1,1,1,16000120,62000221,,16000120,1,TURN_AFTER,4,暗3连携以上,15000,16000121,
16000121,16000120,双座式,,CHALICE,RARE,1,50,302,1,1,1,1,16000120,62000222,,16000120,1,TURN_AFTER,4,暗3连携以上,15000,16000122,
16000122,16000120,双座式,,CHALICE,RARE,2,60,302,1,1,1,1,16000120,62000223,,16000120,1,TURN_AFTER,3,暗3连携以上,15000,16000123,
16000123,16000120,双座式,,CHALICE,RARE,3,70,302,1,1,1,1,16000120,62000224,,16000120,1,TURN_AFTER,3,暗3连携以上,15000,16000124,
16000124,16000120,双座式,,CHALICE,RARE,4,80,302,1,1,1,1,16000120,62000225,,16000120,1,TURN_AFTER,2,暗3连携以上,15000,0,
15001370,15001370,帕罗米德秘石,,NORMAL,,,1,,1,0,0,0,15001370,,,01000,1,TURN_AFTER,2,
15001380,15001380,库丘林秘石,,NORMAL,,,1,,0,1,0,0,15001380,,,01200,1,TURN_AFTER,1,
15001390,15001390,钻石秘石,,NORMAL,,,1,,0,0,1,0,15001390,,,01010,1,TURN_AFTER,2,
15001400,15001400,蝴蝶剑秘石,,NORMAL,,,1,,0,0,0,1,15001400,,,01210,1,TURN_AFTER,2,
16000130,16000130,狂风咆哮,,CHALICE,MILLIONRARE,0,40,303,1,1,1,1,16000130,62000251,,16000130,1,TURN_AFTER,1,风4连携,30000,16000131,
16000131,16000130,狂风咆哮,,CHALICE,MILLIONRARE,1,50,303,1,1,1,1,16000130,62000252,,16000130,1,TURN_AFTER,1,风4连携,30000,16000132,
16000132,16000130,狂风咆哮,,CHALICE,MILLIONRARE,2,60,303,1,1,1,1,16000132,62000253,,16000130,1,TURN_AFTER,1,风3连携以上,30000,16000133,
16000133,16000130,狂风咆哮,,CHALICE,MILLIONRARE,3,70,303,1,1,1,1,16000132,62000254,,16000130,1,TURN_AFTER,1,风3连携以上,30000,16000134,
16000134,16000130,狂风咆哮,,CHALICE,MILLIONRARE,4,80,303,1,1,1,1,16000134,62000255,,16000130,1,TURN_AFTER,1,风2连携以上,30000,0,
16000140,16000140,小丑飓风,,CHALICE,MILLIONRARE,0,40,303,1,1,1,1,16000140,62000021,,16000140,1,TURN_AFTER,4,风3连携以上,30000,16000141,
16000141,16000140,小丑飓风,,CHALICE,MILLIONRARE,1,50,303,1,1,1,1,16000140,62000022,,16000140,1,TURN_AFTER,3,风3连携以上,30000,16000142,
16000142,16000140,小丑飓风,,CHALICE,MILLIONRARE,2,60,303,1,1,1,1,16000140,62000023,,16000140,1,TURN_AFTER,3,风3连携以上,30000,16000143,
16000143,16000140,小丑飓风,,CHALICE,MILLIONRARE,3,70,303,1,1,1,1,16000140,62000024,,16000140,1,TURN_AFTER,3,风3连携以上,30000,16000144,
16000144,16000140,小丑飓风,,CHALICE,MILLIONRARE,4,80,303,1,1,1,1,16000140,62000025,,16000140,1,TURN_AFTER,2,风3连携以上,30000,0,
16000150,16000150,冰柱封印,,CHALICE,MILLIONRARE,0,40,303,1,1,1,1,16000150,62000441,,16000150,1,TURN_AFTER,4,无连携条件,30000,16000151,
16000151,16000150,冰柱封印,,CHALICE,MILLIONRARE,1,50,303,1,1,1,1,16000150,62000442,,16000150,1,TURN_AFTER,3,无连携条件,30000,16000152,
16000152,16000150,冰柱封印,,CHALICE,MILLIONRARE,2,60,303,1,1,1,1,16000150,62000443,,16000150,1,TURN_AFTER,3,无连携条件,30000,16000153,
16000153,16000150,冰柱封印,,CHALICE,MILLIONRARE,3,70,303,1,1,1,1,16000150,62000444,,16000150,1,TURN_AFTER,3,无连携条件,30000,16000154,
16000154,16000150,冰柱封印,,CHALICE,MILLIONRARE,4,80,303,1,1,1,1,16000150,62000445,,16000150,1,TURN_AFTER,2,无连携条件,30000,0,
16000160,16000160,水天日光天照八野镇石,,CHALICE,MILLIONRARE,0,40,303,1,1,1,1,16000160,62000341,,16000160,1,TURN_AFTER,3,冰3连携以上,30000,16000161,
16000161,16000160,水天日光天照八野镇石,,CHALICE,MILLIONRARE,1,50,303,1,1,1,1,16000160,62000342,,16000160,1,TURN_AFTER,3,冰3连携以上,30000,16000162,
16000162,16000160,水天日光天照八野镇石,,CHALICE,MILLIONRARE,2,60,303,1,1,1,1,16000160,62000343,,16000160,1,TURN_AFTER,2,冰3连携以上,30000,16000163,
16000163,16000160,水天日光天照八野镇石,,CHALICE,MILLIONRARE,3,70,303,1,1,1,1,16000160,62000344,,16000160,1,TURN_AFTER,2,冰3连携以上,30000,16000164,
16000164,16000160,水天日光天照八野镇石,,CHALICE,MILLIONRARE,4,80,303,1,1,1,1,16000160,62000345,,16000160,1,TURN_AFTER,2,冰3连携以上,30000,0,
16000170,16000170,无限剑制,,CHALICE,MILLIONRARE,0,40,303,1,1,1,1,16000170,62000391,,16000170,1,TURN_AFTER,4,冰2连携以上,30000,16000171,
16000171,16000170,无限剑制,,CHALICE,MILLIONRARE,1,50,303,1,1,1,1,16000170,62000392,,16000170,1,TURN_AFTER,3,冰2连携以上,30000,16000172,
16000172,16000170,无限剑制,,CHALICE,MILLIONRARE,2,60,303,1,1,1,1,16000170,62000393,,16000170,1,TURN_AFTER,3,冰2连携以上,30000,16000173,
16000173,16000170,无限剑制,,CHALICE,MILLIONRARE,3,70,303,1,1,1,1,16000170,62000394,,16000170,1,TURN_AFTER,3,冰2连携以上,30000,16000174,
16000174,16000170,无限剑制,,CHALICE,MILLIONRARE,4,80,303,1,1,1,1,16000170,62000395,,16000170,1,TURN_AFTER,2,冰2连携以上,30000,0,
15001410,15001410,白枪帕罗米德,,NORMAL,,,1,,1,0,0,0,15001410,,,1000,1,TURN_AFTER,2,
15001420,15001420,魔枪库丘林,,NORMAL,,,1,,0,1,0,0,15001420,,,1000,1,TURN_AFTER,3,
15001430,15001430,钻石之辉,,NORMAL,,,1,,0,0,1,0,15001430,,,2100,1,TURN_AFTER,1,
15001440,15001440,春风蝴蝶剑,,NORMAL,,,1,,0,0,0,1,15001440,,,1200,1,TURN_AFTER,2,
16000180,16000180,邀至心荡神驰的黄金剧场,,CHALICE,MILLIONRARE,0,40,303,1,1,1,1,16000180,62000451,,16000180,1,TURN_AFTER,3,无连携条件,30000,16000181,
16000181,16000180,邀至心荡神驰的黄金剧场,,CHALICE,MILLIONRARE,1,50,303,1,1,1,1,16000180,62000452,,16000180,1,TURN_AFTER,3,无连携条件,30000,16000182,
16000182,16000180,邀至心荡神驰的黄金剧场,,CHALICE,MILLIONRARE,2,60,303,1,1,1,1,16000180,62000453,,16000180,1,TURN_AFTER,2,无连携条件,30000,16000183,
16000183,16000180,邀至心荡神驰的黄金剧场,,CHALICE,MILLIONRARE,3,70,303,1,1,1,1,16000180,62000454,,16000180,1,TURN_AFTER,2,无连携条件,30000,16000184,
16000184,16000180,邀至心荡神驰的黄金剧场,,CHALICE,MILLIONRARE,4,80,303,1,1,1,1,16000180,62000455,,16000180,1,TURN_AFTER,2,无连携条件,30000,0,
16000190,16000190,佩刀的觉悟,,CHALICE,MILLIONRARE,0,40,303,1,1,1,1,16000190,62000531,,16000190,1,TURN_AFTER,3,无连携条件,30000,16000191,
16000191,16000190,佩刀的觉悟,,CHALICE,MILLIONRARE,1,50,303,1,1,1,1,16000190,62000532,,16000190,1,TURN_AFTER,3,无连携条件,30000,16000192,
16000192,16000190,佩刀的觉悟,,CHALICE,MILLIONRARE,2,60,303,1,1,1,1,16000190,62000533,,16000190,1,TURN_AFTER,2,无连携条件,30000,16000193,
16000193,16000190,佩刀的觉悟,,CHALICE,MILLIONRARE,3,70,303,1,1,1,1,16000190,62000534,,16000190,1,TURN_AFTER,2,无连携条件,30000,16000194,
16000194,16000190,佩刀的觉悟,,CHALICE,MILLIONRARE,4,80,303,1,1,1,1,16000190,62000535,,16000190,1,TURN_AFTER,2,无连携条件,30000,0,
15001450,15001450,学徒型亚瑟 剑术之城,,NORMAL,,,1,,1,0,0,0,15001450,,,1000,1,TURN_AFTER,1,
15001460,15001460,白恋型 富豪亚瑟,,NORMAL,,,1,,0,1,0,0,15001460,,,1000,1,TURN_AFTER,2,
15001470,15001470,伊格兰,,NORMAL,,,1,,0,0,1,0,15001470,,,2500,1,TURN_AFTER,1,
15001480,15001480,科妮莉亚,,NORMAL,,,1,,0,0,0,1,15001480,,,1110,1,TURN_AFTER,2,
16000200,16000200,苍穹圣光,,CHALICE,MILLIONRARE,0,40,303,1,1,1,1,16000200,62000606,,16000200,1,TURN_AFTER,4,无连携条件,30000,16000201,
16000201,16000200,苍穹圣光,,CHALICE,MILLIONRARE,1,50,303,1,1,1,1,16000202,62000607,,16000200,1,TURN_AFTER,3,无连携条件,30000,16000202,
16000202,16000200,苍穹圣光,,CHALICE,MILLIONRARE,2,60,303,1,1,1,1,16000204,62000608,,16000200,1,TURN_AFTER,3,无连携条件,30000,16000203,
16000203,16000200,苍穹圣光,,CHALICE,MILLIONRARE,3,70,303,1,1,1,1,16000206,62000609,,16000200,1,TURN_AFTER,3,无连携条件,30000,16000204,
16000204,16000200,苍穹圣光,,CHALICE,MILLIONRARE,4,80,303,1,1,1,1,16000208,62000610,,16000200,1,TURN_AFTER,2,无连携条件,30000,0,
16000210,16000210,高文破灭波,,CHALICE,MILLIONRARE,0,40,303,1,1,1,1,16000210,62000536,,16000210,1,TURN_AFTER,4,光属性3连携以上,30000,16000211,
16000211,16000210,高文破灭波,,CHALICE,MILLIONRARE,1,50,303,1,1,1,1,16000210,62000537,,16000210,1,TURN_AFTER,3,光属性3连携以上,30000,16000212,
16000212,16000210,高文破灭波,,CHALICE,MILLIONRARE,2,60,303,1,1,1,1,16000210,62000538,,16000210,1,TURN_AFTER,3,光属性3连携以上,30000,16000213,
16000213,16000210,高文破灭波,,CHALICE,MILLIONRARE,3,70,303,1,1,1,1,16000210,62000539,,16000210,1,TURN_AFTER,3,光属性3连携以上,30000,16000214,
16000214,16000210,高文破灭波,,CHALICE,MILLIONRARE,4,80,303,1,1,1,1,16000210,62000540,,16000210,1,TURN_AFTER,2,光属性3连携以上,30000,0,
16000220,16000220,圣魔斩 大十字,,CHALICE,MILLIONRARE,0,40,303,1,1,1,1,16000220,62000586,16000222,16000220,1,TURN_AFTER,3,无连携条件,30000,16000221,
16000221,16000220,圣魔斩 大十字,,CHALICE,MILLIONRARE,1,50,303,1,1,1,1,16000220,62000587,16000222,16000220,1,TURN_AFTER,3,无连携条件,30000,16000222,
16000222,16000220,圣魔斩 大十字,,CHALICE,MILLIONRARE,2,60,303,1,1,1,1,16000220,62000588,16000222,16000220,1,TURN_AFTER,2,无连携条件,30000,16000223,
16000223,16000220,圣魔斩 大十字,,CHALICE,MILLIONRARE,3,70,303,1,1,1,1,16000220,62000589,16000222,16000220,1,TURN_AFTER,2,无连携条件,30000,16000224,
16000224,16000220,圣魔斩 大十字,,CHALICE,MILLIONRARE,4,80,303,1,1,1,1,16000220,62000590,16000222,16000220,1,TURN_AFTER,2,无连携条件,30000,0,
15001490,15001490,学徒书记剑术之城,,NORMAL,,,1,,1,0,0,0,15001490,,,03100,1,TURN_AFTER,1,
15001500,15001500,甜美男爵富豪亚瑟,,NORMAL,,,1,,0,1,0,0,15001500,,,01000,1,TURN_AFTER,2,
15001510,15001510,大地女神伊格兰,,NORMAL,,,1,,0,0,1,0,15001510,,,02500,1,TURN_AFTER,1,
15001520,15001520,银河少女科妮莉亚,,NORMAL,,,1,,0,0,0,1,15001520,,,01100,1,TURN_AFTER,2,
16000240,16000240,破碎大地的灵气,,CHALICE,MILLIONRARE,0,40,303,1,1,1,1,16000240,62000051,,16000240,1,TURN_AFTER,3,光属性2连携以上,30000,16000241,
16000241,16000240,破碎大地的灵气,,CHALICE,MILLIONRARE,1,50,303,1,1,1,1,16000240,62000052,,16000240,1,TURN_AFTER,3,光属性2连携以上,30000,16000242,
16000242,16000240,破碎大地的灵气,,CHALICE,MILLIONRARE,2,60,303,1,1,1,1,16000240,62000053,,16000240,1,TURN_AFTER,2,光属性2连携以上,30000,16000243,
16000243,16000240,破碎大地的灵气,,CHALICE,MILLIONRARE,3,70,303,1,1,1,1,16000240,62000054,,16000240,1,TURN_AFTER,2,光属性2连携以上,30000,16000244,
16000244,16000240,破碎大地的灵气,,CHALICE,MILLIONRARE,4,80,303,1,1,1,1,16000240,62000055,,16000240,1,TURN_AFTER,2,光属性2连携以上,30000,0,
16000250,16000250,鬼神之法,,CHALICE,MILLIONRARE,0,40,303,1,1,1,1,16000250,62000651,,16000250,1,TURN_AFTER,4,风属性2连携以上,30000,16000251,
16000251,16000250,鬼神之法,,CHALICE,MILLIONRARE,1,50,303,1,1,1,1,16000251,62000652,,16000250,1,TURN_AFTER,3,风属性2连携以上,30000,16000252,
16000252,16000250,鬼神之法,,CHALICE,MILLIONRARE,2,60,303,1,1,1,1,16000253,62000653,,16000250,1,TURN_AFTER,3,风属性2连携以上,30000,16000253,
16000253,16000250,鬼神之法,,CHALICE,MILLIONRARE,3,70,303,1,1,1,1,16000255,62000654,,16000250,1,TURN_AFTER,3,风属性2连携以上,30000,16000254,
16000254,16000250,鬼神之法,,CHALICE,MILLIONRARE,4,80,303,1,1,1,1,16000257,62000655,,16000250,1,TURN_AFTER,2,风属性2连携以上,30000,0,
16000260,16000260,微型劲风,,CHALICE,MILLIONRARE,0,40,303,1,1,1,1,16000260,62000618,,16000260,1,TURN_AFTER,4,火属性2连携以上,30000,16000261,
16000261,16000260,微型劲风,,CHALICE,MILLIONRARE,1,50,303,1,1,1,1,16000262,62000767,,16000260,1,TURN_AFTER,3,火属性2连携以上,30000,16000262,
16000262,16000260,微型劲风,,CHALICE,MILLIONRARE,2,60,303,1,1,1,1,16000262,62000768,,16000260,1,TURN_AFTER,3,火属性2连携以上,30000,16000263,
16000263,16000260,微型劲风,,CHALICE,MILLIONRARE,3,70,303,1,1,1,1,16000266,62000769,,16000260,1,TURN_AFTER,3,火属性2连携以上,30000,16000264,
16000264,16000260,微型劲风,,CHALICE,MILLIONRARE,4,80,303,1,1,1,1,16000266,62000770,,16000260,1,TURN_AFTER,2,火属性2连携以上,30000,0,
16000270,16000270,大灾变之眼,,CHALICE,MILLIONRARE,0,40,303,1,1,1,1,16000270,62000638,,16000270,1,TURN_AFTER,4,暗3连携以上,30000,16000271,
16000271,16000270,大灾变之眼,,CHALICE,MILLIONRARE,1,50,303,1,1,1,1,16000272,62000787,,16000270,1,TURN_AFTER,3,暗3连携以上,30000,16000272,
16000272,16000270,大灾变之眼,,CHALICE,MILLIONRARE,2,60,303,1,1,1,1,16000274,62000788,,16000270,1,TURN_AFTER,3,暗3连携以上,30000,16000273,
16000273,16000270,大灾变之眼,,CHALICE,MILLIONRARE,3,70,303,1,1,1,1,16000276,62000789,,16000270,1,TURN_AFTER,3,暗3连携以上,30000,16000274,
16000274,16000270,大灾变之眼,,CHALICE,MILLIONRARE,4,80,303,1,1,1,1,16000278,62000790,,16000270,1,TURN_AFTER,2,暗3连携以上,30000,0,
16000280,16000280,极限泡沫,,CHALICE,MILLIONRARE,0,40,303,1,1,1,1,16000281,62000678,,16000280,1,TURN_AFTER,4,风3连携以上,30000,16000281,
16000281,16000280,极限泡沫,,CHALICE,MILLIONRARE,1,50,303,1,1,1,1,16000282,62000827,,16000280,1,TURN_AFTER,3,风3连携以上,30000,16000282,
16000282,16000280,极限泡沫,,CHALICE,MILLIONRARE,2,60,303,1,1,1,1,16000284,62000828,,16000280,1,TURN_AFTER,3,风3连携以上,30000,16000283,
16000283,16000280,极限泡沫,,CHALICE,MILLIONRARE,3,70,303,1,1,1,1,16000286,62000829,,16000280,1,TURN_AFTER,3,风3连携以上,30000,16000284,
16000284,16000280,极限泡沫,,CHALICE,MILLIONRARE,4,80,303,1,1,1,1,16000288,62000830,,16000280,1,TURN_AFTER,2,风3连携以上,30000,0,
15001530,15001530,夏日白,,NORMAL,,,1,,1,0,0,0,15001530,,,03100,1,TURN_AFTER,1,
15001540,15001540,假日蓝,,NORMAL,,,1,,0,1,0,0,15001540,,,01000,1,TURN_AFTER,2,
15001550,15001550,比基尼粉,,NORMAL,,,1,,0,0,1,0,15001550,,,02500,1,TURN_AFTER,1,
15001560,15001560,抹胸藏青,,NORMAL,,,1,,0,0,0,1,15001560,,,01120,1,TURN_AFTER,1,
16000290,16000290,STAR☆TING！,,CHALICE,MILLIONRARE,0,40,303,1,1,1,1,16000290,62000656,,16000290,1,TURN_AFTER,4,光属性3连携以上,30000,16000291,
16000291,16000290,STAR☆TING！,,CHALICE,MILLIONRARE,1,50,303,1,1,1,1,16000290,62000657,,16000290,1,TURN_AFTER,4,光属性3连携以上,30000,16000292,
16000292,16000290,STAR☆TING！,,CHALICE,MILLIONRARE,2,60,303,1,1,1,1,16000290,62000658,,16000290,1,TURN_AFTER,3,光属性3连携以上,30000,16000293,
16000293,16000290,STAR☆TING！,,CHALICE,MILLIONRARE,3,70,303,1,1,1,1,16000290,62000659,,16000290,1,TURN_AFTER,3,光属性3连携以上,30000,16000294,
16000294,16000290,STAR☆TING！,,CHALICE,MILLIONRARE,4,80,303,1,1,1,1,16000290,62000660,,16000290,1,TURN_AFTER,2,光属性3连携以上,30000,0,
16000300,16000300,龙炎爆裂！,,CHALICE,MILLIONRARE,0,40,303,1,1,1,1,16000300,62000171,,16000300,1,TURN_AFTER,4,火属性4连携,30000,16000301,
16000301,16000300,龙炎爆裂！,,CHALICE,MILLIONRARE,1,50,303,1,1,1,1,16000301,62000172,,16000300,1,TURN_AFTER,3,火属性4连携,30000,16000302,
16000302,16000300,龙炎爆裂！,,CHALICE,MILLIONRARE,2,60,303,1,1,1,1,16000303,62000173,,16000300,1,TURN_AFTER,3,火属性4连携,30000,16000303,
16000303,16000300,龙炎爆裂！,,CHALICE,MILLIONRARE,3,70,303,1,1,1,1,16000305,62000174,,16000300,1,TURN_AFTER,3,火属性4连携,30000,16000304,
16000304,16000300,龙炎爆裂！,,CHALICE,MILLIONRARE,4,80,303,1,1,1,1,16000307,62000175,,16000300,1,TURN_AFTER,2,火属性4连携,30000,0,
15001570,15001570,蓝莫德雷德,,NORMAL,,,1,,1,0,0,0,15001570,,,02110,1,TURN_AFTER,1,
15001580,15001580,黄金马尔科,,NORMAL,,,1,,0,1,0,0,15001580,,,02110,1,TURN_AFTER,1,
15001590,15001590,粉红辉夜,,NORMAL,,,1,,0,0,1,0,15001590,,,02110,1,TURN_AFTER,1,
15001600,15001600,红克莱尔,,NORMAL,,,1,,0,0,0,1,15001600,,,02110,1,TURN_AFTER,1,
16000310,16000310,寂静呼喊,,CHALICE,MILLIONRARE,0,40,303,1,1,1,1,16000310,62000628,,16000310,1,TURN_AFTER,3,无连携条件,30000,16000311,
16000311,16000310,寂静呼喊,,CHALICE,MILLIONRARE,1,50,303,1,1,1,1,16000311,62000777,,16000310,1,TURN_AFTER,2,无连携条件,30000,16000312,
16000312,16000310,寂静呼喊,,CHALICE,MILLIONRARE,2,60,303,1,1,1,1,16000313,62000778,,16000310,1,TURN_AFTER,2,无连携条件,30000,16000313,
16000313,16000310,寂静呼喊,,CHALICE,MILLIONRARE,3,70,303,1,1,1,1,16000315,62000779,,16000310,1,TURN_AFTER,1,无连携条件,30000,16000314,
16000314,16000310,寂静呼喊,,CHALICE,MILLIONRARE,4,80,303,1,1,1,1,16000317,62000780,,16000310,1,NONE,,无回合限制/无连携条件,30000,0,
16000320,16000320,星之刻印,,CHALICE,MILLIONRARE,0,40,303,1,1,1,1,16000320,62000846,16000329,16000320,1,TURN_AFTER,4,冰属性3连携以上,30000,16000321,
16000321,16000320,星之刻印,,CHALICE,MILLIONRARE,1,50,303,1,1,1,1,16000321,62000847,16000329,16000320,1,TURN_AFTER,3,冰属性3连携以上,30000,16000322,
16000322,16000320,星之刻印,,CHALICE,MILLIONRARE,2,60,303,1,1,1,1,16000322,62000848,16000329,16000320,1,TURN_AFTER,3,冰属性3连携以上,30000,16000323,
16000323,16000320,星之刻印,,CHALICE,MILLIONRARE,3,70,303,1,1,1,1,16000322,62000849,16000329,16000320,1,TURN_AFTER,2,冰属性3连携以上,30000,16000324,
16000324,16000320,星之刻印,,CHALICE,MILLIONRARE,4,80,303,1,1,1,1,16000324,62000850,16000329,16000320,1,TURN_AFTER,1,冰属性3连携以上,30000,0,
15001610,15001610,南瓜怪人,,NORMAL,,,1,,1,0,0,0,15001610,,,02110,1,TURN_AFTER,1,
15001620,15001620,勇气骑士,,NORMAL,,,1,,0,1,0,0,15001620,,,02110,1,TURN_AFTER,1,
15001630,15001630,粉红魔法,,NORMAL,,,1,,0,0,1,0,15001630,,,02110,1,TURN_AFTER,1,
15001640,15001640,黑女巫,,NORMAL,,,1,,0,0,0,1,15001640,,,02110,1,TURN_AFTER,1,
16000330,16000330,假想刺贯(盖伯尔加),,CHALICE,MILLIONRARE,0,40,303,1,1,1,1,16000330,62000876,,16000330,1,TURN_AFTER,4,风属性3连携以上,30000,16000331,
16000331,16000330,假想刺贯(盖伯尔加),,CHALICE,MILLIONRARE,1,50,303,1,1,1,1,16000331,62000877,,16000330,1,TURN_AFTER,3,风属性3连携以上,30000,16000332,
16000332,16000330,假想刺贯(盖伯尔加),,CHALICE,MILLIONRARE,2,60,303,1,1,1,1,16000333,62000878,,16000330,1,TURN_AFTER,3,风属性3连携以上,30000,16000333,
16000333,16000330,假想刺贯(盖伯尔加),,CHALICE,MILLIONRARE,3,70,303,1,1,1,1,16000335,62000879,,16000330,1,TURN_AFTER,3,风属性3连携以上,30000,16000334,
16000334,16000330,假想刺贯(盖伯尔加),,CHALICE,MILLIONRARE,4,80,303,1,1,1,1,16000337,62000880,,16000330,1,TURN_AFTER,2,风属性3连携以上,30000,0,
16000340,16000340,召唤剑＝灭技葬炎,,CHALICE,MILLIONRARE,0,40,303,1,1,1,1,16000340,62000161,,16000340,1,TURN_AFTER,4,自身/3枚以上,30000,16000341,
16000341,16000340,召唤剑＝灭技葬炎,,CHALICE,MILLIONRARE,1,50,303,1,1,1,1,16000341,62000162,16000347,16000340,1,TURN_AFTER,3,自身/3枚以上,30000,16000342,
16000342,16000340,召唤剑＝灭技葬炎,,CHALICE,MILLIONRARE,2,60,303,1,1,1,1,16000342,62000163,16000347,16000340,1,TURN_AFTER,3,自身/3枚以上,30000,16000343,
16000343,16000340,召唤剑＝灭技葬炎,,CHALICE,MILLIONRARE,3,70,303,1,1,1,1,16000343,62000164,16000348,16000340,1,TURN_AFTER,3,自身/3枚以上,30000,16000344,
16000344,16000340,召唤剑＝灭技葬炎,,CHALICE,MILLIONRARE,4,80,303,1,1,1,1,16000344,62000165,16000349,16000340,1,TURN_AFTER,2,自身/3枚以上,30000,0,
15001650,15001650,热血海军蓝,,NORMAL,,,1,,1,0,0,0,15001650,,,02110,1,TURN_AFTER,1,
15001660,15001660,帝国深绿,,NORMAL,,,1,,0,1,0,0,15001660,,,02110,1,TURN_AFTER,1,
15001670,15001670,水手服绿,,NORMAL,,,1,,0,0,1,0,15001670,,,02110,1,TURN_AFTER,1,
15001680,15001680,花样少女咏叹调,,NORMAL,,,1,,0,0,0,1,15001680,,,02110,1,TURN_AFTER,1,
16000350,16000350,召唤枪＝岚火猛迅,,CHALICE,MILLIONRARE,0,40,303,1,1,1,1,16000350,62000643,,16000350,1,TURN_AFTER,4,火属性3连携以上,30000,16000351,
16000351,16000350,召唤枪＝岚火猛迅,,CHALICE,MILLIONRARE,1,50,303,1,1,1,1,16000351,62000792,,16000350,1,TURN_AFTER,3,火属性3连携以上,30000,16000352,
16000352,16000350,召唤枪＝岚火猛迅,,CHALICE,MILLIONRARE,2,60,303,1,1,1,1,16000353,62000793,,16000350,1,TURN_AFTER,3,火属性3连携以上,30000,16000353,
16000353,16000350,召唤枪＝岚火猛迅,,CHALICE,MILLIONRARE,3,70,303,1,1,1,1,16000355,62000794,,16000350,1,TURN_AFTER,3,火属性3连携以上,30000,16000354,
16000354,16000350,召唤枪＝岚火猛迅,,CHALICE,MILLIONRARE,4,80,303,1,1,1,1,16000357,62000795,,16000350,1,TURN_AFTER,2,火属性3连携以上,30000,0,
16000360,16000360,指向终焉的时针,,CHALICE,MILLIONRARE,0,40,303,1,1,1,1,16000361,62000621,16000365,16000360,1,TURN_AFTER,4,冰属性3连携以上,30000,16000361,
16000361,16000360,指向终焉的时针,,CHALICE,MILLIONRARE,1,50,303,1,1,1,1,16000361,62000622,16000365,16000360,1,TURN_AFTER,3,冰属性3连携以上,30000,16000362,
16000362,16000360,指向终焉的时针,,CHALICE,MILLIONRARE,2,60,303,1,1,1,1,16000362,62000623,16000365,16000360,1,TURN_AFTER,3,冰属性3连携以上,30000,16000363,
16000363,16000360,指向终焉的时针,,CHALICE,MILLIONRARE,3,70,303,1,1,1,1,16000363,62000624,16000365,16000360,1,TURN_AFTER,3,冰属性3连携以上,30000,16000364,
16000364,16000360,指向终焉的时针,,CHALICE,MILLIONRARE,4,80,303,1,1,1,1,16000364,62000625,16000366,16000360,1,TURN_AFTER,2,冰属性3连携以上,30000,0,
15001690,15001690,托尼绿,,NORMAL,,,1,,1,0,0,0,15001690,,,02110,1,TURN_AFTER,1,
15001700,15001700,圣夜的深碧骑士,,NORMAL,,,1,,0,1,0,0,15001700,,,02110,1,TURN_AFTER,1,
15001710,15001710,深碧的圣夜侠士,,NORMAL,,,1,,0,0,1,0,15001710,,,02110,1,TURN_AFTER,1,
15001720,15001720,圣夜的深碧天使,,NORMAL,,,1,,0,0,0,1,15001720,,,02110,1,TURN_AFTER,1,
16000370,16000370,圣夜＝王辉戴冠,,CHALICE,MILLIONRARE,0,40,303,1,1,1,1,16000370,62000683,,16000370,1,TURN_AFTER,4,光属性3连携以上,30000,16000371,
16000371,16000370,圣夜＝王辉戴冠,,CHALICE,MILLIONRARE,1,50,303,1,1,1,1,16000370,62000832,,16000370,1,TURN_AFTER,3,光属性3连携以上,30000,16000372,
16000372,16000370,圣夜＝王辉戴冠,,CHALICE,MILLIONRARE,2,60,303,1,1,1,1,16000372,62000833,,16000370,1,TURN_AFTER,3,光属性3连携以上,30000,16000373,
16000373,16000370,圣夜＝王辉戴冠,,CHALICE,MILLIONRARE,3,70,303,1,1,1,1,16000374,62000834,,16000370,1,TURN_AFTER,3,光属性3连携以上,30000,16000374,
16000374,16000370,圣夜＝王辉戴冠,,CHALICE,MILLIONRARE,4,80,303,1,1,1,1,16000374,62000835,,16000370,1,TURN_AFTER,2,光属性3连携以上,30000,0,
16000380,16000380,惩戒,,CHALICE,MILLIONRARE,0,40,303,1,1,1,1,16000380,62000661,,16000380,1,TURN_AFTER,4,暗属性4连携,30000,16000381,
16000381,16000380,惩戒,,CHALICE,MILLIONRARE,1,50,303,1,1,1,1,16000381,62000662,,16000380,1,TURN_AFTER,3,暗属性4连携,30000,16000382,
16000382,16000380,惩戒,,CHALICE,MILLIONRARE,2,60,303,1,1,1,1,16000383,62000663,,16000380,1,TURN_AFTER,3,暗属性4连携,30000,16000383,
16000383,16000380,惩戒,,CHALICE,MILLIONRARE,3,70,303,1,1,1,1,16000385,62000664,,16000380,1,TURN_AFTER,3,暗属性4连携,30000,16000384,
16000384,16000380,惩戒,,CHALICE,MILLIONRARE,4,80,303,1,1,1,1,16000386,62000665,,16000380,1,TURN_AFTER,2,暗属性4连携,30000,0,
16000390,16000390,魔斩＝新春舞冰,,CHALICE,MILLIONRARE,0,40,303,1,1,1,1,16000391,62000673,,16000390,1,TURN_AFTER,4,冰属性3连携以上,30000,16000391,
16000391,16000390,魔斩＝新春舞冰,,CHALICE,MILLIONRARE,1,50,303,1,1,1,1,16000392,62000822,,16000390,1,TURN_AFTER,3,冰属性3连携以上,30000,16000392,
16000392,16000390,魔斩＝新春舞冰,,CHALICE,MILLIONRARE,2,60,303,1,1,1,1,16000394,62000823,,16000390,1,TURN_AFTER,3,冰属性3连携以上,30000,16000393,
16000393,16000390,魔斩＝新春舞冰,,CHALICE,MILLIONRARE,3,70,303,1,1,1,1,16000396,62000824,,16000390,1,TURN_AFTER,3,冰属性3连携以上,30000,16000394,
16000394,16000390,魔斩＝新春舞冰,,CHALICE,MILLIONRARE,4,80,303,1,1,1,1,16000398,62000825,,16000390,1,TURN_AFTER,2,冰属性3连携以上,30000,0,
15001730,15001730,暗舞的奏者,,NORMAL,,,1,,1,0,0,0,15001730,,,03200,1,TURN_AFTER,1,
15001740,15001740,黄仙的骑士,,NORMAL,,,1,,0,1,0,0,15001740,,,03200,1,TURN_AFTER,1,
15001750,15001750,黄色春姬,,NORMAL,,,1,,0,0,1,0,15001750,,,03200,1,TURN_AFTER,1,
15001760,15001760,青色阿国,,NORMAL,,,1,,0,0,0,1,15001760,,,03200,1,TURN_AFTER,1,
90100690,90100690,尤米冈秘石,,NORMAL,,,1,,1,0,0,0,90100690,,,01110,1,TURN_AFTER,3,
90200700,90200700,新春米可秘石,,NORMAL,,,1,,0,1,0,0,90200700,,,01100,1,TURN_AFTER,3,
90300710,90300710,新春三千秘石,,NORMAL,,,1,,0,0,1,0,90300710,,,01010,1,TURN_AFTER,3,
90400720,90400720,居家四季秘石,,NORMAL,,,1,,0,0,0,1,90400720,,,01010,1,TURN_AFTER,3,
90100800,90100800,雕男人秘石,,NORMAL,,,,,1,0,0,0,90100800,,,01010,1,TURN_AFTER,3,
90200800,90200800,米可豪秘石,,NORMAL,,,,,0,1,0,0,90200800,,,01210,1,TURN_AFTER,3,
90300800,90300800,新春艾露秘石,,NORMAL,,,,,0,0,1,0,90300800,,,02100,1,TURN_AFTER,3,
90400800,90400800,新春女帝秘石,,NORMAL,,,,,0,0,0,1,90400800,,,01100,1,TURN_AFTER,3,
