#ID,進化合成,,,,,,,,,,,,,,,,
#,進化タイプ,レベル引き継ぎ,基礎費用,進化後ID,素材ID1,素材名声1,素材ID2,素材名声2,素材ID3,素材名声3,素材ID4,素材名声4,素材ID5,素材名声5,素材ID6,素材名声6,
#お助け騎士,,,,,,,,,,,,,,,,,
40000001,,,,,,,,,,,,,,,,,
#160804_ロンチ無課金騎士,,,,,,,,,,,,,,,,,
10000109,NORMAL,,15000,10000110,20000014,1,20000014,1,20000014,1,20000009,1,,,,,
10000110,,,,,,,,,,,,,,,,,
10000042,NORMAL,,10000,10000043,20000007,1,20000007,1,,,,,,,,,
10000043,NORMAL,,15000,10000044,20000012,1,20000012,1,20000012,1,20000007,1,,,,,
10000044,NORMAL,,20000,10000045,20000022,1,20000017,1,20000017,1,20000012,1,20000012,1,,,
10000045,,,,,,,,,,,,,,,,,
10000099,NORMAL,,20000,10000100,20000022,1,20000022,1,20000017,1,20000017,1,20000012,1,20000012,1,
10000100,NORMAL,,20000,10000101,20000025,1,20000022,1,20000022,1,20000017,1,20000017,1,20000017,1,
10000101,,,,,,,,,,,,,,,,,
10000093,NORMAL,,15000,10000094,20000010,1,20000010,1,20000010,1,20000005,1,,,,,
10000094,NORMAL,,20000,10000095,20000020,1,20000015,1,20000015,1,20000010,1,20000010,1,,,
10000095,,,,,,,,,,,,,,,,,
10000010,NORMAL,,10000,10000011,20000010,1,20000005,1,20000005,1,,,,,,,
10000011,NORMAL,,15000,10000012,20000015,1,20000010,1,20000010,1,20000010,1,20000005,1,,,
10000012,NORMAL,,20000,10000013,20000020,1,20000020,1,20000015,1,20000015,1,20000010,1,20000010,1,
10000013,,,,,,,,,,,,,,,,,
10000173,NORMAL,,10000,10000174,20000008,1,20000008,1,,,,,,,,,
10000174,NORMAL,,15000,10000175,20000013,1,20000013,1,20000013,1,20000008,1,,,,,
10000175,,,,,,,,,,,,,,,,,
10000187,NORMAL,,10000,10000188,20000007,1,20000007,1,,,,,,,,,
10000188,NORMAL,,15000,10000189,20000012,1,20000012,1,20000012,1,20000007,1,,,,,
10000189,,,,,,,,,,,,,,,,,
10000105,NORMAL,,10000,10000106,20000006,1,20000006,1,,,,,,,,,
10000106,NORMAL,,15000,10000107,20000011,1,20000011,1,20000011,1,20000006,1,,,,,
10000107,,,,,,,,,,,,,,,,,
10000179,NORMAL,,10000,10000180,20000005,1,20000005,1,,,,,,,,,
10000180,NORMAL,,15000,10000181,20000010,1,20000010,1,20000010,1,20000005,1,,,,,
10000181,,,,,,,,,,,,,,,,,
10000018,NORMAL,,10000,10000019,20000005,1,20000005,1,,,,,,,,,
10000019,NORMAL,,15000,10000020,20000010,1,20000010,1,20000010,1,20000005,1,,,,,
10000020,NORMAL,,20000,10000021,20000020,1,20000015,1,20000015,1,20000010,1,20000010,1,,,
10000021,,,,,,,,,,,,,,,,,
10000075,NORMAL,,10000,10000076,20000009,1,20000009,1,,,,,,,,,
10000076,NORMAL,,15000,10000077,20000014,1,20000014,1,20000014,1,20000009,1,,,,,
10000077,,,,,,,,,,,,,,,,,
10000026,NORMAL,,7000,10000027,20000005,1,,,,,,,,,,,
10000027,,,,,,,,,,,,,,,,,
10000304,NORMAL,,7000,10000108,20000006,1,,,,,,,,,,,
10000108,,,,,,,,,,,,,,,,,
10001001,NORMAL,,10000,10001002,20000007,1,20000007,1,,,,,,,,,
10001002,NORMAL,,15000,10001003,20000012,1,20000012,1,20000012,1,20000007,1,,,,,
10001003,NORMAL,,20000,10001004,20000022,1,20000017,1,20000017,1,20000012,1,20000012,1,,,
10001004,,,,,,,,,,,,,,,,,
10000046,NORMAL,,10000,10000047,20000006,1,20000006,1,,,,,,,,,
10000047,NORMAL,,15000,10000048,20000011,1,20000011,1,20000011,1,20000006,1,,,,,
10000048,NORMAL,,20000,10000049,20000021,1,20000016,1,20000016,1,20000011,1,20000011,1,,,
10000049,,,,,,,,,,,,,,,,,
10000125,NORMAL,,15000,10000126,20000011,1,20000011,1,20000011,1,20000006,1,,,,,
10000126,NORMAL,,20000,10000306,20000021,1,20000016,1,20000016,1,20000011,1,20000011,1,,,
10000306,,,,,,,,,,,,,,,,,
10000114,NORMAL,,15000,10000115,20000010,1,20000010,1,20000010,1,20000005,1,,,,,
10000115,NORMAL,,20000,10000116,20000020,1,20000015,1,20000015,1,20000010,1,20000010,1,,,
10000116,,,,,,,,,,,,,,,,,
10000090,NORMAL,,10000,10000303,20000014,1,20000009,1,20000009,1,,,,,,,
10000303,NORMAL,,15000,10000091,20000019,1,20000014,1,20000014,1,20000014,1,20000009,1,,,
10000091,NORMAL,,20000,10000092,20000024,1,20000024,1,20000019,1,20000019,1,20000014,1,20000014,1,
10000092,,,,,,,,,,,,,,,,,
10000102,NORMAL,,10000,10000103,20000008,1,20000008,1,,,,,,,,,
10000103,NORMAL,,15000,10000104,20000013,1,20000013,1,20000013,1,20000008,1,,,,,
10000104,NORMAL,,20000,10000308,20000023,1,20000018,1,20000018,1,20000013,1,20000013,1,,,
10000308,,,,,,,,,,,,,,,,,
10000022,NORMAL,,10000,10000023,20000005,1,20000005,1,,,,,,,,,
10000023,NORMAL,,15000,10000024,20000010,1,20000010,1,20000010,1,20000005,1,,,,,
10000024,NORMAL,,20000,10000025,20000020,1,20000015,1,20000015,1,20000010,1,20000010,1,,,
10000025,,,,,,,,,,,,,,,,,
10000176,NORMAL,,15000,10000177,20000014,1,20000014,1,20000014,1,20000009,1,,,,,
10000177,NORMAL,,20000,10000178,20000024,1,20000019,1,20000019,1,20000014,1,20000014,1,,,
10000178,,,,,,,,,,,,,,,,,
10000081,NORMAL,,15000,10000082,20000011,1,20000011,1,20000011,1,20000006,1,,,,,
10000082,NORMAL,,20000,10000083,20000021,1,20000016,1,20000016,1,20000011,1,20000011,1,,,
10000083,,,,,,,,,,,,,,,,,
10000216,NORMAL,,20000,10000217,20000024,1,20000024,1,20000019,1,20000019,1,20000014,1,20000014,1,
10000217,,,,,,,,,,,,,,,,,
10000117,NORMAL,,10000,10000118,20000006,1,20000006,1,,,,,,,,,
10000118,NORMAL,,15000,10000119,20000011,1,20000011,1,20000011,1,20000006,1,,,,,
10000119,NORMAL,,20000,10000305,20000021,1,20000016,1,20000016,1,20000011,1,20000011,1,,,
10000305,,,,,,,,,,,,,,,,,
10000096,NORMAL,,15000,10000097,20000012,1,20000012,1,20000012,1,20000007,1,,,,,
10000097,NORMAL,,20000,10000098,20000022,1,20000017,1,20000017,1,20000012,1,20000012,1,,,
10000098,,,,,,,,,,,,,,,,,
10000123,NORMAL,,7000,10000124,20000007,1,,,,,,,,,,,
10000124,,,,,,,,,,,,,,,,,
10000072,NORMAL,,15000,10000073,20000012,1,20000012,1,20000012,1,20000007,1,,,,,
10000073,NORMAL,,20000,10000074,20000022,1,20000017,1,20000017,1,20000012,1,20000012,1,,,
10000074,,,,,,,,,,,,,,,,,
10001005,NORMAL,,10000,10001006,20000006,1,20000006,1,,,,,,,,,
10001006,NORMAL,,15000,10001007,20000011,1,20000011,1,20000011,1,20000006,1,,,,,
10001007,,,,,,,,,,,,,,,,,
10000197,NORMAL,,10000,10000198,20000007,1,20000007,1,,,,,,,,,
10000198,NORMAL,,15000,10000199,20000012,1,20000012,1,20000012,1,20000007,1,,,,,
10000199,,,,,,,,,,,,,,,,,
10000065,NORMAL,,15000,10000066,20000014,1,20000014,1,20000014,1,20000009,1,,,,,
10000066,NORMAL,,20000,10000067,20000024,1,20000019,1,20000019,1,20000014,1,20000014,1,,,
10000067,,,,,,,,,,,,,,,,,
10000182,NORMAL,,10000,10000183,20000005,1,20000005,1,,,,,,,,,
10000183,NORMAL,,15000,10000184,20000010,1,20000010,1,20000010,1,20000005,1,,,,,
10000184,,,,,,,,,,,,,,,,,
10000030,NORMAL,,10000,10000031,20000012,1,20000007,1,20000007,1,,,,,,,
10000031,NORMAL,,15000,10000032,20000017,1,20000012,1,20000012,1,20000012,1,20000007,1,,,
10000032,NORMAL,,20000,10000033,20000022,1,20000022,1,20000017,1,20000017,1,20000012,1,20000012,1,
10000033,,,,,,,,,,,,,,,,,
10000131,NORMAL,,15000,10000132,20000011,1,20000011,1,20000011,1,20000006,1,,,,,
10000132,,,,,,,,,,,,,,,,,
10000153,NORMAL,,15000,10000154,20000013,1,20000013,1,20000013,1,20000008,1,,,,,
10000154,NORMAL,,20000,10000155,20000023,1,20000018,1,20000018,1,20000013,1,20000013,1,,,
10000155,,,,,,,,,,,,,,,,,
10000078,NORMAL,,10000,10000079,20000009,1,20000009,1,,,,,,,,,
10000079,NORMAL,,15000,10000080,20000014,1,20000014,1,20000014,1,20000009,1,,,,,
10000080,,,,,,,,,,,,,,,,,
10000034,NORMAL,,10000,10000035,20000008,1,20000008,1,,,,,,,,,
10000035,NORMAL,,15000,10000036,20000013,1,20000013,1,20000013,1,20000008,1,,,,,
10000036,NORMAL,,20000,10000037,20000023,1,20000018,1,20000018,1,20000013,1,20000013,1,,,
10000037,,,,,,,,,,,,,,,,,
10002011,NORMAL,,15000,10002012,20000010,1,20000010,1,20000010,1,20000005,1,,,,,
10002012,,,,,,,,,,,,,,,,,
10000169,NORMAL,,15000,10000170,20000012,1,20000012,1,20000012,1,20000007,1,,,,,
10000170,,,,,,,,,,,,,,,,,
10000214,NORMAL,,20000,10000215,20000023,1,20000023,1,20000018,1,20000018,1,20000013,1,20000013,1,
10000215,,,,,,,,,,,,,,,,,
10000166,NORMAL,,10000,10000167,20000008,1,20000008,1,,,,,,,,,
10000167,NORMAL,,15000,10000168,20000013,1,20000013,1,20000013,1,20000008,1,,,,,
10000168,,,,,,,,,,,,,,,,,
10000038,NORMAL,,10000,10000039,20000011,1,20000006,1,20000006,1,,,,,,,
10000039,NORMAL,,15000,10000040,20000016,1,20000011,1,20000011,1,20000011,1,20000006,1,,,
10000040,NORMAL,,20000,10000041,20000021,1,20000021,1,20000016,1,20000016,1,20000011,1,20000011,1,
10000041,,,,,,,,,,,,,,,,,
10000185,NORMAL,,15000,10000186,20000013,1,20000013,1,20000013,1,20000008,1,,,,,
10000186,,,,,,,,,,,,,,,,,
10000156,NORMAL,,15000,10000157,20000013,1,20000013,1,20000013,1,20000008,1,,,,,
10000157,NORMAL,,20000,10000158,20000023,1,20000018,1,20000018,1,20000013,1,20000013,1,,,
10000158,,,,,,,,,,,,,,,,,
10000068,NORMAL,,10000,10000069,20000009,1,20000009,1,,,,,,,,,
10000069,NORMAL,,15000,10000070,20000014,1,20000014,1,20000014,1,20000009,1,,,,,
10000070,NORMAL,,20000,10000071,20000024,1,20000019,1,20000019,1,20000014,1,20000014,1,,,
10000071,,,,,,,,,,,,,,,,,
#素材カード,,,,,,,,,,,,,,,,,
20000001,,,,,,,,,,,,,,,,,
20000002,,,,,,,,,,,,,,,,,
20000003,,,,,,,,,,,,,,,,,
20000004,,,,,,,,,,,,,,,,,
20000005,,,,,,,,,,,,,,,,,
20000006,,,,,,,,,,,,,,,,,
20000007,,,,,,,,,,,,,,,,,
20000008,,,,,,,,,,,,,,,,,
20000009,,,,,,,,,,,,,,,,,
20000010,,,,,,,,,,,,,,,,,
20000011,,,,,,,,,,,,,,,,,
20000012,,,,,,,,,,,,,,,,,
20000013,,,,,,,,,,,,,,,,,
20000014,,,,,,,,,,,,,,,,,
20000015,,,,,,,,,,,,,,,,,
20000016,,,,,,,,,,,,,,,,,
20000017,,,,,,,,,,,,,,,,,
20000018,,,,,,,,,,,,,,,,,
20000019,,,,,,,,,,,,,,,,,
20000020,,,,,,,,,,,,,,,,,
20000021,,,,,,,,,,,,,,,,,
20000022,,,,,,,,,,,,,,,,,
20000023,,,,,,,,,,,,,,,,,
20000024,,,,,,,,,,,,,,,,,
20000025,,,,,,,,,,,,,,,,,
20000026,,,,,,,,,,,,,,,,,
20000027,,,,,,,,,,,,,,,,,
20000028,,,,,,,,,,,,,,,,,
20000029,,,,,,,,,,,,,,,,,
20001019,,,,,,,,,,,,,,,,,
20001020,,,,,,,,,,,,,,,,,
#共通カード,,,,,,,,,,,,,,,,,
10000231,,,,,,,,,,,,,,,,,
10000238,,,,,,,,,,,,,,,,,
10000245,,,,,,,,,,,,,,,,,
10000252,,,,,,,,,,,,,,,,,
10000258,,,,,,,,,,,,,,,,,
#160804_ロンチ有料騎士,,,,,,,,,,,,,,,,,
10000151,NORMAL,,30000,10000152,20000025,1,20000020,1,20000020,1,20000015,1,20000015,1,20000015,1,
10000152,,,,,,,,,,,,,,,,,
10000056,NORMAL,,30000,10000057,20000025,1,20000022,1,20000022,1,20000017,1,20000017,1,20000017,1,
10000057,,,,,,,,,,,,,,,,,
10003007,NORMAL,,30000,10003008,20000025,1,20000022,1,20000022,1,20000017,1,20000017,1,20000017,1,
10003008,,,,,,,,,,,,,,,,,
10000129,NORMAL,,20000,10000130,20000021,1,20000021,1,20000016,1,20000016,1,20000011,1,20000011,1,
10000130,,,,,,,,,,,,,,,,,
10000171,NORMAL,,20000,10000172,20000024,1,20000024,1,20000019,1,20000019,1,20000014,1,20000014,1,
10000172,,,,,,,,,,,,,,,,,
10001008,NORMAL,,20000,10001009,20000020,1,20000020,1,20000015,1,20000015,1,20000010,1,20000010,1,
10001009,,,,,,,,,,,,,,,,,
10000050,NORMAL,,15000,10000051,20000018,1,20000013,1,20000013,1,20000013,1,20000008,1,,,
10000051,,,,,,,,,,,,,,,,,
10000164,NORMAL,,30000,10000165,20000025,1,20000024,1,20000024,1,20000019,1,20000019,1,20000019,1,
10000165,,,,,,,,,,,,,,,,,
10001031,NORMAL,,30000,10001032,20000025,1,20000021,1,20000021,1,20000016,1,20000016,1,20000016,1,
10001032,,,,,,,,,,,,,,,,,
10001033,NORMAL,,30000,10001034,20000025,1,20000023,1,20000023,1,20000018,1,20000018,1,20000018,1,
10001034,,,,,,,,,,,,,,,,,
10001014,NORMAL,,20000,10001015,20000021,1,20000021,1,20000016,1,20000016,1,20000011,1,20000011,1,
10001015,,,,,,,,,,,,,,,,,
10000133,NORMAL,,20000,10000134,20000020,1,20000020,1,20000015,1,20000015,1,20000010,1,20000010,1,
10000134,,,,,,,,,,,,,,,,,
10000061,NORMAL,,15000,10000062,20000017,1,20000012,1,20000012,1,20000012,1,20000007,1,,,
10000062,,,,,,,,,,,,,,,,,
10001029,NORMAL,,30000,10001030,20000025,1,20000024,1,20000024,1,20000019,1,20000019,1,20000019,1,
10001030,,,,,,,,,,,,,,,,,
10003009,NORMAL,,30000,10003010,20000025,1,20000021,1,20000021,1,20000016,1,20000016,1,20000016,1,
10003010,,,,,,,,,,,,,,,,,
10001035,NORMAL,,30000,10001036,20000025,1,20000022,1,20000022,1,20000017,1,20000017,1,20000017,1,
10001036,,,,,,,,,,,,,,,,,
10000058,NORMAL,,20000,10000059,20000022,1,20000022,1,20000017,1,20000017,1,20000012,1,20000012,1,
10000059,,,,,,,,,,,,,,,,,
10000087,NORMAL,,20000,10000088,20000024,1,20000024,1,20000019,1,20000019,1,20000014,1,20000014,1,
10000088,,,,,,,,,,,,,,,,,
10002001,NORMAL,,20000,10002002,20000023,1,20000023,1,20000018,1,20000018,1,20000013,1,20000013,1,
10002002,,,,,,,,,,,,,,,,,
10000084,NORMAL,,15000,10000085,20000015,1,20000010,1,20000010,1,20000010,1,20000005,1,,,
10000085,,,,,,,,,,,,,,,,,
10000054,NORMAL,,15000,10000055,20000016,1,20000011,1,20000011,1,20000011,1,20000006,1,,,
10000055,,,,,,,,,,,,,,,,,
10000052,NORMAL,,30000,10000053,20000025,1,20000021,1,20000021,1,20000016,1,20000016,1,20000016,1,
10000053,,,,,,,,,,,,,,,,,
10000063,NORMAL,,30000,10000064,20000025,1,20000023,1,20000023,1,20000018,1,20000018,1,20000018,1,
10000064,,,,,,,,,,,,,,,,,
10002005,NORMAL,,30000,10002006,20000025,1,20000020,1,20000020,1,20000015,1,20000015,1,20000015,1,
10002006,,,,,,,,,,,,,,,,,
10001025,NORMAL,,20000,10001026,20000022,1,20000022,1,20000017,1,20000017,1,20000012,1,20000012,1,
10001026,,,,,,,,,,,,,,,,,
10000111,NORMAL,,20000,10000112,20000023,1,20000023,1,20000018,1,20000018,1,20000013,1,20000013,1,
10000112,,,,,,,,,,,,,,,,,
10000162,NORMAL,,15000,10000163,20000019,1,20000014,1,20000014,1,20000014,1,20000009,1,,,
10000163,,,,,,,,,,,,,,,,,
#160804_聖罰断罪グループ1,,,,,,,,,,,,,,,,,
10200001,NORMAL,,30000,10200002,20000025,1,20000021,1,20000021,1,20000016,1,20000016,1,20000016,1,
10200002,,,,,,,,,,,,,,,,,
10200003,NORMAL,,30000,10200004,20000025,1,20000023,1,20000023,1,20000018,1,20000018,1,20000018,1,
10200004,,,,,,,,,,,,,,,,,
10200005,NORMAL,,30000,10200006,20000025,1,20000020,1,20000020,1,20000015,1,20000015,1,20000015,1,
10200006,,,,,,,,,,,,,,,,,
10200007,NORMAL,,30000,10200008,20000025,1,20000022,1,20000022,1,20000017,1,20000017,1,20000017,1,
10200008,,,,,,,,,,,,,,,,,
10200009,NORMAL,,30000,10200010,20000025,1,20000022,1,20000022,1,20000017,1,20000017,1,20000017,1,
10200010,,,,,,,,,,,,,,,,,
10200011,NORMAL,,30000,10200012,20000025,1,20000020,1,20000020,1,20000015,1,20000015,1,20000015,1,
10200012,,,,,,,,,,,,,,,,,
10200013,NORMAL,,20000,10200014,20000021,1,20000021,1,20000016,1,20000016,1,20000011,1,20000011,1,
10200014,,,,,,,,,,,,,,,,,
10200015,NORMAL,,20000,10200016,20000023,1,20000023,1,20000018,1,20000018,1,20000013,1,20000013,1,
10200016,,,,,,,,,,,,,,,,,
10200017,NORMAL,,20000,10200018,20000024,1,20000024,1,20000019,1,20000019,1,20000014,1,20000014,1,
10200018,,,,,,,,,,,,,,,,,
#160804_友達招待＆プレオーダー,,,,,,,,,,,,,,,,,
10200019,NORMAL,,30000,10200020,20000025,1,20000020,1,20000020,1,20000015,1,20000015,1,20000015,1,
10200020,,,,,,,,,,,,,,,,,
10200021,NORMAL,,30000,10200022,20000025,1,20000023,1,20000023,1,20000018,1,20000018,1,20000018,1,
10200022,,,,,,,,,,,,,,,,,
#160804_名声100キャンペーン騎士,,,,,,,,,,,,,,,,,
10200023,NORMAL,,30000,10200024,20000025,1,20000023,1,20000023,1,20000018,1,20000018,1,20000018,1,
10200024,,,,,,,,,,,,,,,,,
10200025,NORMAL,,30000,10200026,20000025,1,20000021,1,20000021,1,20000016,1,20000016,1,20000016,1,
10200026,,,,,,,,,,,,,,,,,
10200027,NORMAL,,30000,10200028,20000025,1,20000021,1,20000021,1,20000016,1,20000016,1,20000016,1,
10200028,,,,,,,,,,,,,,,,,
10200029,NORMAL,,30000,10200030,20000025,1,20000020,1,20000020,1,20000015,1,20000015,1,20000015,1,
10200030,,,,,,,,,,,,,,,,,
#160804_星冠グループ1,,,,,,,,,,,,,,,,,
10120029,NORMAL,,30000,10120030,20000025,1,20000023,1,20000023,1,20000018,1,20000018,1,20000018,1,
10120030,,,,,,,,,,,,,,,,,
10120027,NORMAL,,30000,10120028,20000025,1,20000022,1,20000022,1,20000017,1,20000017,1,20000017,1,
10120028,,,,,,,,,,,,,,,,,
10120035,NORMAL,,20000,10120036,20000021,1,20000021,1,20000016,1,20000016,1,20000011,1,20000011,1,
10120036,,,,,,,,,,,,,,,,,
10120033,NORMAL,,20000,10120034,20000020,1,20000020,1,20000015,1,20000015,1,20000010,1,20000010,1,
10120034,,,,,,,,,,,,,,,,,
10120031,NORMAL,,20000,10120032,20000024,1,20000024,1,20000019,1,20000019,1,20000014,1,20000014,1,
10120032,,,,,,,,,,,,,,,,,
#160804_炎夏グループ1,,,,,,,,,,,,,,,,,
10121008,NORMAL,,30000,10121009,20000025,1,20000021,1,20000021,1,20000016,1,20000016,1,20000016,1,
10121009,,,,,,,,,,,,,,,,,
10121013,NORMAL,,30000,10121014,20000025,1,20000022,1,20000022,1,20000017,1,20000017,1,20000017,1,
10121014,,,,,,,,,,,,,,,,,
10121011,NORMAL,,30000,10121012,20000025,1,20000022,1,20000022,1,20000017,1,20000017,1,20000017,1,
10121012,,,,,,,,,,,,,,,,,
10121001,NORMAL,,30000,10121002,20000025,1,20000022,1,20000022,1,20000017,1,20000017,1,20000017,1,
10121002,,,,,,,,,,,,,,,,,
10121006,NORMAL,,30000,10121007,20000025,1,20000023,1,20000023,1,20000018,1,20000018,1,20000018,1,
10121007,,,,,,,,,,,,,,,,,
10121004,NORMAL,,30000,10121005,20000025,1,20000023,1,20000023,1,20000018,1,20000018,1,20000018,1,
10121005,,,,,,,,,,,,,,,,,
10121040,NORMAL,,20000,10121041,20000024,1,20000024,1,20000019,1,20000019,1,20000014,1,20000014,1,
10121041,,,,,,,,,,,,,,,,,
10121015,NORMAL,,30000,10121016,20000025,1,20000024,1,20000024,1,20000019,1,20000019,1,20000019,1,
10121016,,,,,,,,,,,,,,,,,
10121018,NORMAL,,30000,10121019,20000025,1,20000020,1,20000020,1,20000015,1,20000015,1,20000015,1,
10121019,,,,,,,,,,,,,,,,,
10121022,NORMAL,,30000,10121023,20000025,1,20000021,1,20000021,1,20000016,1,20000016,1,20000016,1,
10121023,,,,,,,,,,,,,,,,,
#160804_Vital×Visionsクロスキャンペーン,,,,,,,,,,,,,,,,,
10200031,NORMAL,,30000,10200032,20000025,1,20000023,1,20000023,1,20000018,1,20000018,1,20000018,1,
10200032,,,,,,,,,,,,,,,,,
10200033,NORMAL,,30000,10200034,20000025,1,20000020,1,20000020,1,20000015,1,20000015,1,20000015,1,
10200034,,,,,,,,,,,,,,,,,
#160804_盗賊アーサー脱衣キャンペーン,,,,,,,,,,,,,,,,,
10200035,NORMAL,,20000,10200036,20000024,1,20000024,1,20000019,1,20000019,1,20000014,1,20000014,1,
10200036,NORMAL,,30000,10200037,20000025,1,20000024,1,20000024,1,20000019,1,20000019,1,20000019,1,
10200037,,,,,,,,,,,,,,,,,
#160804_事前登録,,,,,,,,,,,,,,,,,
10200038,NORMAL,,30000,10200039,20000025,1,20000022,1,20000022,1,20000017,1,20000017,1,20000017,1,
10200039,,,,,,,,,,,,,,,,,
#160908_ファミ通シリアル交換,,,,,,,,,,,,,,,,,
10200040,NORMAL,,30000,10200041,20000025,1,20000021,1,20000021,1,20000016,1,20000016,1,20000016,1,
10200041,,,,,,,,,,,,,,,,,
#160917_納涼！ブリテン肝試し大会,,,,,,,,,,,,,,,,,
10119009,NORMAL,,30000,10119010,20000025,1,20000023,1,20000023,1,20000018,1,20000018,1,20000018,1,
10119010,,,,,,,,,,,,,,,,,
10119007,NORMAL,,30000,10119008,20000025,1,20000023,1,20000023,1,20000018,1,20000018,1,20000018,1,
10119008,,,,,,,,,,,,,,,,,
10119005,NORMAL,,30000,10119006,20000025,1,20000021,1,20000021,1,20000016,1,20000016,1,20000016,1,
10119006,,,,,,,,,,,,,,,,,
10119011,NORMAL,,30000,10119012,20000025,1,20000021,1,20000021,1,20000016,1,20000016,1,20000016,1,
10119012,,,,,,,,,,,,,,,,,
10119013,NORMAL,,20000,10119014,20000023,1,20000023,1,20000018,1,20000018,1,20000013,1,20000013,1,
10119014,,,,,,,,,,,,,,,,,
#160917_輝ける光の彼方よりガチャ　追加騎士,,,,,,,,,,,,,,,,,
10201001,NORMAL,,30000,10201002,20000025,1,20000023,1,20000023,1,20000018,1,20000018,1,20000018,1,
10201002,,,,,,,,,,,,,,,,,
10113061,NORMAL,,30000,10113062,20000025,1,20000023,1,20000023,1,20000018,1,20000018,1,20000018,1,
10113062,,,,,,,,,,,,,,,,,
#160917_サマーメダルガチャ,,,,,,,,,,,,,,,,,
10121034,NORMAL,,30000,10121035,20000025,1,20000021,1,20000021,1,20000016,1,20000016,1,20000016,1,
10121035,,,,,,,,,,,,,,,,,
10121032,NORMAL,,30000,10121033,20000025,1,20000024,1,20000024,1,20000019,1,20000019,1,20000019,1,
10121033,,,,,,,,,,,,,,,,,
10121038,NORMAL,,30000,10121039,20000025,1,20000023,1,20000023,1,20000018,1,20000018,1,20000018,1,
10121039,,,,,,,,,,,,,,,,,
10121036,NORMAL,,30000,10121037,20000025,1,20000022,1,20000022,1,20000017,1,20000017,1,20000017,1,
10121037,,,,,,,,,,,,,,,,,
#160917_炎夏グループ1,,,,,,,,,,,,,,,,,
10121024,NORMAL,,30000,10121025,20000025,1,20000020,1,20000020,1,20000015,1,20000015,1,20000015,1,
10121025,,,,,,,,,,,,,,,,,
10121020,NORMAL,,30000,10121021,20000025,1,20000023,1,20000023,1,20000018,1,20000018,1,20000018,1,
10121021,,,,,,,,,,,,,,,,,
10121030,NORMAL,,20000,10121031,20000024,1,20000024,1,20000019,1,20000019,1,20000014,1,20000014,1,
10121031,,,,,,,,,,,,,,,,,
10121028,NORMAL,,20000,10121029,20000022,1,20000022,1,20000017,1,20000017,1,20000012,1,20000012,1,
10121029,,,,,,,,,,,,,,,,,
10121026,NORMAL,,20000,10121027,20000021,1,20000021,1,20000016,1,20000016,1,20000011,1,20000011,1,
10121027,,,,,,,,,,,,,,,,,
#160818_妖精グループ1,,,,,,,,,,,,,,,,,
10001049,NORMAL,,20000,10001050,20000023,1,20000023,1,20000018,1,20000018,1,20000013,1,20000013,1,
10001050,,,,,,,,,,,,,,,,,
10002013,NORMAL,,20000,10002014,20000025,1,20000021,1,20000021,1,20000016,1,20000016,1,20000016,1,
10002014,,,,,,,,,,,,,,,,,
10000206,NORMAL,,20000,10000207,20000025,1,20000024,1,20000024,1,20000019,1,20000019,1,20000019,1,
10000207,,,,,,,,,,,,,,,,,
10001045,NORMAL,,20000,10001046,20000020,1,20000020,1,20000015,1,20000015,1,20000010,1,20000010,1,
10001046,,,,,,,,,,,,,,,,,
10001047,NORMAL,,20000,10001048,20000022,1,20000022,1,20000017,1,20000017,1,20000012,1,20000012,1,
10001048,,,,,,,,,,,,,,,,,
#161003_キャメロットの精鋭たちガチャ,,,,,,,,,,,,,,,,,
10107009,NORMAL,,30000,10107010,20000025,1,20000024,1,20000024,1,20000019,1,20000019,1,20000019,1,
10107010,,,,,,,,,,,,,,,,,
10202001,NORMAL,,30000,10202002,20000025,1,20000021,1,20000021,1,20000016,1,20000016,1,20000016,1,
10202002,,,,,,,,,,,,,,,,,
10107001,NORMAL,,30000,10107002,20000025,1,20000021,1,20000021,1,20000016,1,20000016,1,20000016,1,
10107002,,,,,,,,,,,,,,,,,
10107003,NORMAL,,30000,10107004,20000025,1,20000020,1,20000020,1,20000015,1,20000015,1,20000015,1,
10107004,,,,,,,,,,,,,,,,,
10107005,NORMAL,,20000,10107006,20000022,1,20000022,1,20000017,1,20000017,1,20000012,1,20000012,1,
10107006,,,,,,,,,,,,,,,,,
10107007,NORMAL,,20000,10107008,20000023,1,20000023,1,20000018,1,20000018,1,20000013,1,20000013,1,
10107008,,,,,,,,,,,,,,,,,
#161003_氷属性確率UPガチャ「氷雪舞う氷の世界」　追加騎士,,,,,,,,,,,,,,,,,
10202003,NORMAL,,30000,10202004,20000025,1,20000021,1,20000021,1,20000016,1,20000016,1,20000016,1,
10202004,,,,,,,,,,,,,,,,,
#161003_月見メダルガチャ,,,,,,,,,,,,,,,,,
10124039,NORMAL,,30000,10124040,20000025,1,20000022,1,20000022,1,20000017,1,20000017,1,20000017,1,
10124040,,,,,,,,,,,,,,,,,
10124037,NORMAL,,30000,10124038,20000025,1,20000020,1,20000020,1,20000015,1,20000015,1,20000015,1,
10124038,,,,,,,,,,,,,,,,,
10124031,NORMAL,,30000,10124032,20000025,1,20000021,1,20000021,1,20000016,1,20000016,1,20000016,1,
10124032,,,,,,,,,,,,,,,,,
10124034,NORMAL,,30000,10124035,20000025,1,20000024,1,20000024,1,20000019,1,20000019,1,20000019,1,
10124035,,,,,,,,,,,,,,,,,
#161003_クーホリンドロップ用新規騎士,,,,,,,,,,,,,,,,,
10111021,NORMAL,,30000,10111022,20000025,1,20000021,1,20000021,1,20000016,1,20000016,1,20000016,1,
10111022,,,,,,,,,,,,,,,,,
10002019,NORMAL,,20000,10002020,20000020,1,20000020,1,20000015,1,20000015,1,20000010,1,20000010,1,
10002020,,,,,,,,,,,,,,,,,
#161003_未来グループ1,,,,,,,,,,,,,,,,,
10202005,NORMAL,,30000,10202006,20000025,1,20000023,1,20000023,1,20000018,1,20000018,1,20000018,1,
10202006,,,,,,,,,,,,,,,,,
10110011,NORMAL,,30000,10110012,20000025,1,20000020,1,20000020,1,20000015,1,20000015,1,20000015,1,
10110012,,,,,,,,,,,,,,,,,
10110015,NORMAL,,20000,10110016,20000022,1,20000022,1,20000017,1,20000017,1,20000012,1,20000012,1,
10110016,,,,,,,,,,,,,,,,,
10110013,NORMAL,,20000,10110014,20000021,1,20000021,1,20000016,1,20000016,1,20000011,1,20000011,1,
10110014,,,,,,,,,,,,,,,,,
10110019,NORMAL,,20000,10110020,20000024,1,20000024,1,20000019,1,20000019,1,20000014,1,20000014,1,
10110020,,,,,,,,,,,,,,,,,
#161003_妖精グループ2,,,,,,,,,,,,,,,,,
10116015,NORMAL,,30000,10116016,20000025,1,20000021,1,20000021,1,20000016,1,20000016,1,20000016,1,
10116016,,,,,,,,,,,,,,,,,
10116019,NORMAL,,30000,10116020,20000025,1,20000023,1,20000023,1,20000018,1,20000018,1,20000018,1,
10116020,,,,,,,,,,,,,,,,,
10116021,NORMAL,,20000,10116022,20000024,1,20000024,1,20000019,1,20000019,1,20000014,1,20000014,1,
10116022,,,,,,,,,,,,,,,,,
10116013,NORMAL,,20000,10116014,20000020,1,20000020,1,20000015,1,20000015,1,20000010,1,20000010,1,
10116014,,,,,,,,,,,,,,,,,
10116017,NORMAL,,20000,10116018,20000022,1,20000022,1,20000017,1,20000017,1,20000012,1,20000012,1,
10116018,,,,,,,,,,,,,,,,,
#161018_PSO2コラボガチャ,,,,,,,,,,,,,,,,,
10203001,NORMAL,,30000,10203002,20000025,1,20000023,1,20000023,1,20000018,1,20000018,1,20000018,1,
10203002,,,,,,,,,,,,,,,,,
10203003,NORMAL,,30000,10203004,20000025,1,20000020,1,20000020,1,20000015,1,20000015,1,20000015,1,
10203004,,,,,,,,,,,,,,,,,
10203005,NORMAL,,30000,10203006,20000025,1,20000024,1,20000024,1,20000019,1,20000019,1,20000019,1,
10203006,,,,,,,,,,,,,,,,,
10203007,NORMAL,,30000,10203008,20000025,1,20000022,1,20000022,1,20000017,1,20000017,1,20000017,1,
10203008,,,,,,,,,,,,,,,,,
10203009,NORMAL,,30000,10203010,20000025,1,20000021,1,20000021,1,20000016,1,20000016,1,20000016,1,
10203010,,,,,,,,,,,,,,,,,
#161018_TRICK or TREAT!ガチャ,,,,,,,,,,,,,,,,,
10126007,NORMAL,,30000,10126008,20000025,1,20000023,1,20000023,1,20000018,1,20000018,1,20000018,1,
10126008,,,,,,,,,,,,,,,,,
10126005,NORMAL,,30000,10126006,20000025,1,20000023,1,20000023,1,20000018,1,20000018,1,20000018,1,
10126006,,,,,,,,,,,,,,,,,
10126001,NORMAL,,30000,10126002,20000025,1,20000023,1,20000023,1,20000018,1,20000018,1,20000018,1,
10126002,,,,,,,,,,,,,,,,,
10126003,NORMAL,,30000,10126004,20000025,1,20000023,1,20000023,1,20000018,1,20000018,1,20000018,1,
10126004,,,,,,,,,,,,,,,,,
10126009,NORMAL,,20000,10126010,20000023,1,20000023,1,20000018,1,20000018,1,20000013,1,20000013,1,
10126010,,,,,,,,,,,,,,,,,
#161018_火属性確率UPガチャ「燃えろ、俺の聖剣っ！」　追加騎士,,,,,,,,,,,,,,,,,
10109027,NORMAL,,30000,10109028,20000025,1,20000020,1,20000020,1,20000015,1,20000015,1,20000015,1,
10109028,,,,,,,,,,,,,,,,,
10203011,NORMAL,,30000,10203012,20000025,1,20000020,1,20000020,1,20000015,1,20000015,1,20000015,1,
10203012,,,,,,,,,,,,,,,,,
#161018_PSO2メダルガチャ,,,,,,,,,,,,,,,,,
10203013,NORMAL,,30000,10203014,20000025,1,20000020,1,20000020,1,20000015,1,20000015,1,20000015,1,
10203014,,,,,,,,,,,,,,,,,
10203015,NORMAL,,30000,10203016,20000025,1,20000024,1,20000024,1,20000019,1,20000019,1,20000019,1,
10203016,,,,,,,,,,,,,,,,,
10203017,NORMAL,,30000,10203018,20000025,1,20000021,1,20000021,1,20000016,1,20000016,1,20000016,1,
10203018,,,,,,,,,,,,,,,,,
10203019,NORMAL,,30000,10203020,20000025,1,20000020,1,20000020,1,20000015,1,20000015,1,20000015,1,
10203020,,,,,,,,,,,,,,,,,
10203021,NORMAL,,30000,10203022,20000025,1,20000022,1,20000022,1,20000017,1,20000017,1,20000017,1,
10203022,,,,,,,,,,,,,,,,,
10203023,NORMAL,,30000,10203024,20000025,1,20000020,1,20000020,1,20000015,1,20000015,1,20000015,1,
10203024,,,,,,,,,,,,,,,,,
10203025,NORMAL,,30000,10203026,20000025,1,20000023,1,20000023,1,20000018,1,20000018,1,20000018,1,
10203026,,,,,,,,,,,,,,,,,
10203027,NORMAL,,30000,10203028,20000025,1,20000024,1,20000024,1,20000019,1,20000019,1,20000019,1,
10203028,,,,,,,,,,,,,,,,,
#161018_ウィンドキメラドロップ用騎士,,,,,,,,,,,,,,,,,
10123056,NORMAL,,30000,10123057,20000025,1,20000021,1,20000021,1,20000016,1,20000016,1,20000016,1,
10123057,,,,,,,,,,,,,,,,,
10001023,NORMAL,,20000,10001024,20000022,1,20000022,1,20000017,1,20000017,1,20000012,1,20000012,1,
10001024,,,,,,,,,,,,,,,,,
#161018_PSO2グループ1,,,,,,,,,,,,,,,,,
10203029,NORMAL,,30000,10203030,20000025,1,20000022,1,20000022,1,20000017,1,20000017,1,20000017,1,
10203030,,,,,,,,,,,,,,,,,
10203031,NORMAL,,30000,10203032,20000025,1,20000024,1,20000024,1,20000019,1,20000019,1,20000019,1,
10203032,,,,,,,,,,,,,,,,,
10203033,NORMAL,,20000,10203034,20000020,1,20000020,1,20000015,1,20000015,1,20000010,1,20000010,1,
10203034,,,,,,,,,,,,,,,,,
10203035,NORMAL,,20000,10203036,20000023,1,20000023,1,20000018,1,20000018,1,20000013,1,20000013,1,
10203036,,,,,,,,,,,,,,,,,
10203037,NORMAL,,20000,10203038,20000021,1,20000021,1,20000016,1,20000016,1,20000011,1,20000011,1,
10203038,,,,,,,,,,,,,,,,,
#161018_魔創グループ1,,,,,,,,,,,,,,,,,
10203039,NORMAL,,30000,10203040,20000025,1,20000023,1,20000023,1,20000018,1,20000018,1,20000018,1,
10203040,,,,,,,,,,,,,,,,,
10129019,NORMAL,,30000,10129020,20000025,1,20000020,1,20000020,1,20000015,1,20000015,1,20000015,1,
10129020,,,,,,,,,,,,,,,,,
10126029,NORMAL,,20000,10126030,20000022,1,20000022,1,20000017,1,20000017,1,20000012,1,20000012,1,
10126030,,,,,,,,,,,,,,,,,
10126027,NORMAL,,20000,10126028,20000024,1,20000024,1,20000019,1,20000019,1,20000014,1,20000014,1,
10126028,,,,,,,,,,,,,,,,,
10126025,NORMAL,,20000,10126026,20000021,1,20000021,1,20000016,1,20000016,1,20000011,1,20000011,1,
10126026,,,,,,,,,,,,,,,,,
#161102_ガチャ「魔女の晩餐会」,,,,,,,,,,,,,,,,,
10110009,NORMAL,,30000,10110010,20000025,1,20000024,1,20000024,1,20000019,1,20000019,1,20000019,1,
10110010,,,,,,,,,,,,,,,,,
10204001,NORMAL,,30000,10204002,20000025,1,20000021,1,20000021,1,20000016,1,20000016,1,20000016,1,
10204002,,,,,,,,,,,,,,,,,
10110003,NORMAL,,30000,10110004,20000025,1,20000021,1,20000021,1,20000016,1,20000016,1,20000016,1,
10110004,,,,,,,,,,,,,,,,,
10110005,NORMAL,,30000,10110006,20000025,1,20000022,1,20000022,1,20000017,1,20000017,1,20000017,1,
10110006,,,,,,,,,,,,,,,,,
10110007,NORMAL,,30000,10110008,20000025,1,20000023,1,20000023,1,20000018,1,20000018,1,20000018,1,
10110008,,,,,,,,,,,,,,,,,
10110001,NORMAL,,20000,10110002,20000020,1,20000020,1,20000015,1,20000015,1,20000010,1,20000010,1,
10110002,,,,,,,,,,,,,,,,,
#161102_ガチャ「ナイツ・オブ・ヘヴリディーズ～ヒロインの座は渡さない！？～」,,,,,,,,,,,,,,,,,
10109005,NORMAL,,30000,10109006,20000025,1,20000022,1,20000022,1,20000017,1,20000017,1,20000017,1,
10109006,,,,,,,,,,,,,,,,,
10109007,NORMAL,,30000,10109008,20000025,1,20000023,1,20000023,1,20000018,1,20000018,1,20000018,1,
10109008,,,,,,,,,,,,,,,,,
10204003,NORMAL,,30000,10204004,20000025,1,20000024,1,20000024,1,20000019,1,20000019,1,20000019,1,
10204004,,,,,,,,,,,,,,,,,
10109009,NORMAL,,30000,10109010,20000025,1,20000024,1,20000024,1,20000019,1,20000019,1,20000019,1,
10109010,,,,,,,,,,,,,,,,,
10109001,NORMAL,,20000,10109002,20000020,1,20000020,1,20000015,1,20000015,1,20000010,1,20000010,1,
10109002,,,,,,,,,,,,,,,,,
10109003,NORMAL,,20000,10109004,20000021,1,20000021,1,20000016,1,20000016,1,20000011,1,20000011,1,
10109004,,,,,,,,,,,,,,,,,
#161102_闇属性確立UPガチャ「仄暗き闇の使者」,,,,,,,,,,,,,,,,,
10122043,NORMAL,,30000,10122044,20000025,1,20000024,1,20000024,1,20000019,1,20000019,1,20000019,1,
10122044,,,,,,,,,,,,,,,,,
10204005,NORMAL,,30000,10204006,20000025,1,20000024,1,20000024,1,20000019,1,20000019,1,20000019,1,
10204006,,,,,,,,,,,,,,,,,
#161102_けもみみメダルガチャ,,,,,,,,,,,,,,,,,
10118029,NORMAL,,30000,10118030,20000025,1,20000021,1,20000021,1,20000016,1,20000016,1,20000016,1,
10118030,,,,,,,,,,,,,,,,,
10118023,NORMAL,,30000,10118024,20000025,1,20000022,1,20000022,1,20000017,1,20000017,1,20000017,1,
10118024,,,,,,,,,,,,,,,,,
10118026,NORMAL,,30000,10118027,20000025,1,20000020,1,20000020,1,20000015,1,20000015,1,20000015,1,
10118027,,,,,,,,,,,,,,,,,
10118031,NORMAL,,30000,10118032,20000025,1,20000020,1,20000020,1,20000015,1,20000015,1,20000015,1,
10118032,,,,,,,,,,,,,,,,,
#161102_ゴールドチアリーイーター,,,,,,,,,,,,,,,,,
10110023,NORMAL,,30000,10110024,20000025,1,20000021,1,20000021,1,20000016,1,20000016,1,20000016,1,
10110024,,,,,,,,,,,,,,,,,
#161102_拡散グループ1,,,,,,,,,,,,,,,,,
10113045,NORMAL,,30000,10113046,20000025,1,20000022,1,20000022,1,20000017,1,20000017,1,20000017,1,
10113046,,,,,,,,,,,,,,,,,
10113041,NORMAL,,30000,10113042,20000025,1,20000020,1,20000020,1,20000015,1,20000015,1,20000015,1,
10113042,,,,,,,,,,,,,,,,,
10113047,NORMAL,,20000,10113048,20000023,1,20000023,1,20000018,1,20000018,1,20000013,1,20000013,1,
10113048,,,,,,,,,,,,,,,,,
10113049,NORMAL,,20000,10113050,20000024,1,20000024,1,20000019,1,20000019,1,20000014,1,20000014,1,
10113050,,,,,,,,,,,,,,,,,
10113043,NORMAL,,20000,10113044,20000021,1,20000021,1,20000016,1,20000016,1,20000011,1,20000011,1,
10113044,,,,,,,,,,,,,,,,,
#161102_妖精グループ3,,,,,,,,,,,,,,,,,
10003003,NORMAL,,30000,10003004,20000025,1,20000020,1,20000020,1,20000015,1,20000015,1,20000015,1,
10003004,,,,,,,,,,,,,,,,,
10002017,NORMAL,,30000,10002018,20000025,1,20000023,1,20000023,1,20000018,1,20000018,1,20000018,1,
10002018,,,,,,,,,,,,,,,,,
10000208,NORMAL,,20000,10000209,20000022,1,20000022,1,20000017,1,20000017,1,20000012,1,20000012,1,
10000209,,,,,,,,,,,,,,,,,
10001039,NORMAL,,20000,10001040,20000024,1,20000024,1,20000019,1,20000019,1,20000014,1,20000014,1,
10001040,,,,,,,,,,,,,,,,,
10003001,NORMAL,,20000,10003002,20000021,1,20000021,1,20000016,1,20000016,1,20000011,1,20000011,1,
10003002,,,,,,,,,,,,,,,,,
#161117_ガチャ「友達に噂されると恥ずかしいし...ミリアサ学園フェスティバル」,,,,,,,,,,,,,,,,,
10132041,NORMAL,,30000,10132042,20000025,1,20000022,1,20000022,1,20000017,1,20000017,1,20000017,1,
10132042,,,,,,,,,,,,,,,,,
10132043,NORMAL,,30000,10132044,20000025,1,20000022,1,20000022,1,20000017,1,20000017,1,20000017,1,
10132044,,,,,,,,,,,,,,,,,
10132045,NORMAL,,30000,10132046,20000025,1,20000020,1,20000020,1,20000015,1,20000015,1,20000015,1,
10132046,,,,,,,,,,,,,,,,,
10132039,NORMAL,,30000,10132040,20000025,1,20000020,1,20000020,1,20000015,1,20000015,1,20000015,1,
10132040,,,,,,,,,,,,,,,,,
#161119_光属性確率UPガチャ「天駆ける女神の後光」,,,,,,,,,,,,,,,,,
10113021,NORMAL,,30000,10113022,20000025,1,20000023,1,20000023,1,20000018,1,20000018,1,20000018,1,
10113022,,,,,,,,,,,,,,,,,
10113019,NORMAL,,30000,10113020,20000025,1,20000023,1,20000023,1,20000018,1,20000018,1,20000018,1,
10113020,,,,,,,,,,,,,,,,,
10205001,NORMAL,,30000,10205002,20000025,1,20000023,1,20000023,1,20000018,1,20000018,1,20000018,1,
10205002,,,,,,,,,,,,,,,,,
#161122_ガチャ「エイシェントフェアリーズ-断絶の妖精たち-」,,,,,,,,,,,,,,,,,
10126017,NORMAL,,30000,10126018,20000025,1,20000023,1,20000023,1,20000018,1,20000018,1,20000018,1,
10126018,,,,,,,,,,,,,,,,,
10126011,NORMAL,,30000,10126012,20000025,1,20000023,1,20000023,1,20000018,1,20000018,1,20000018,1,
10126012,,,,,,,,,,,,,,,,,
10126013,NORMAL,,30000,10126014,20000025,1,20000023,1,20000023,1,20000018,1,20000018,1,20000018,1,
10126014,,,,,,,,,,,,,,,,,
10126015,NORMAL,,30000,10126016,20000025,1,20000021,1,20000021,1,20000016,1,20000016,1,20000016,1,
10126016,,,,,,,,,,,,,,,,,
10126019,NORMAL,,20000,10126020,20000024,1,20000024,1,20000019,1,20000019,1,20000014,1,20000014,1,
10126020,,,,,,,,,,,,,,,,,
#161117_学徒メダルガチャ,,,,,,,,,,,,,,,,,
10137039,NORMAL,,30000,10137040,20000025,1,20000021,1,20000021,1,20000016,1,20000016,1,20000016,1,
10137040,,,,,,,,,,,,,,,,,
10137035,NORMAL,,30000,10137036,20000025,1,20000021,1,20000021,1,20000016,1,20000016,1,20000016,1,
10137036,,,,,,,,,,,,,,,,,
10137037,NORMAL,,30000,10137038,20000025,1,20000021,1,20000021,1,20000016,1,20000016,1,20000016,1,
10137038,,,,,,,,,,,,,,,,,
10137033,NORMAL,,30000,10137034,20000025,1,20000021,1,20000021,1,20000016,1,20000016,1,20000016,1,
10137034,,,,,,,,,,,,,,,,,
#161117_カラティンドロップ用騎士,,,,,,,,,,,,,,,,,
10113051,NORMAL,,30000,10113052,20000025,1,20000022,1,20000022,1,20000017,1,20000017,1,20000017,1,
10113052,,,,,,,,,,,,,,,,,
#161117_学徒グループ1,,,,,,,,,,,,,,,,,
10115021,NORMAL,,30000,10115022,20000025,1,20000024,1,20000024,1,20000019,1,20000019,1,20000019,1,
10115022,,,,,,,,,,,,,,,,,
10115017,NORMAL,,30000,10115018,20000025,1,20000022,1,20000022,1,20000017,1,20000017,1,20000017,1,
10115018,,,,,,,,,,,,,,,,,
10115013,NORMAL,,20000,10115014,20000020,1,20000020,1,20000015,1,20000015,1,20000010,1,20000010,1,
10115014,,,,,,,,,,,,,,,,,
10115015,NORMAL,,20000,10115016,20000021,1,20000021,1,20000016,1,20000016,1,20000011,1,20000011,1,
10115016,,,,,,,,,,,,,,,,,
10115019,NORMAL,,20000,10115020,20000023,1,20000023,1,20000018,1,20000018,1,20000013,1,20000013,1,
10115020,,,,,,,,,,,,,,,,,
#161117_秋季グループ1,,,,,,,,,,,,,,,,,
10124017,NORMAL,,30000,10124018,20000025,1,20000023,1,20000023,1,20000018,1,20000018,1,20000018,1,
10124018,,,,,,,,,,,,,,,,,
10124019,NORMAL,,30000,10124020,20000025,1,20000022,1,20000022,1,20000017,1,20000017,1,20000017,1,
10124020,,,,,,,,,,,,,,,,,
10124023,NORMAL,,20000,10124024,20000021,1,20000021,1,20000016,1,20000016,1,20000011,1,20000011,1,
10124024,,,,,,,,,,,,,,,,,
10124025,NORMAL,,20000,10124026,20000024,1,20000024,1,20000019,1,20000019,1,20000014,1,20000014,1,
10124026,,,,,,,,,,,,,,,,,
10124021,NORMAL,,20000,10124022,20000020,1,20000020,1,20000015,1,20000015,1,20000010,1,20000010,1,
10124022,,,,,,,,,,,,,,,,,
#161201_トロコラボガチャ,,,,,,,,,,,,,,,,,
10206001,NORMAL,,30000,10206002,20000025,1,20000021,1,20000021,1,20000016,1,20000016,1,20000016,1,
10206002,,,,,,,,,,,,,,,,,
10206003,NORMAL,,30000,10206004,20000025,1,20000024,1,20000024,1,20000019,1,20000019,1,20000019,1,
10206004,,,,,,,,,,,,,,,,,
10206005,NORMAL,,30000,10206006,20000025,1,20000020,1,20000020,1,20000015,1,20000015,1,20000015,1,
10206006,,,,,,,,,,,,,,,,,
10206007,NORMAL,,30000,10206008,20000025,1,20000023,1,20000023,1,20000018,1,20000018,1,20000018,1,
10206008,,,,,,,,,,,,,,,,,
#161201_氷属性確率UPガチャ「六花舞い降りる刹那に」,,,,,,,,,,,,,,,,,
10125046,NORMAL,,30000,10125047,20000025,1,20000021,1,20000021,1,20000016,1,20000016,1,20000016,1,
10125047,,,,,,,,,,,,,,,,,
10125048,NORMAL,,30000,10125049,20000025,1,20000021,1,20000021,1,20000016,1,20000016,1,20000016,1,
10125049,,,,,,,,,,,,,,,,,
10125050,NORMAL,,30000,10125051,20000025,1,20000021,1,20000021,1,20000016,1,20000016,1,20000016,1,
10125051,,,,,,,,,,,,,,,,,
#161201_爆進！ミニマムナイツヒストリー,,,,,,,,,,,,,,,,,
10139043,NORMAL,,30000,10139044,20000025,1,20000022,1,20000022,1,20000017,1,20000017,1,20000017,1,
10139044,,,,,,,,,,,,,,,,,
10206009,NORMAL,,30000,10206010,20000025,1,20000023,1,20000023,1,20000018,1,20000018,1,20000018,1,
10206010,,,,,,,,,,,,,,,,,
10139048,NORMAL,,30000,10139049,20000025,1,20000024,1,20000024,1,20000019,1,20000019,1,20000019,1,
10139049,,,,,,,,,,,,,,,,,
10139046,NORMAL,,30000,10139047,20000025,1,20000021,1,20000021,1,20000016,1,20000016,1,20000016,1,
10139047,,,,,,,,,,,,,,,,,
#161201_逆行メダルガチャ,,,,,,,,,,,,,,,,,
10125035,NORMAL,,30000,10125036,20000025,1,20000022,1,20000022,1,20000017,1,20000017,1,20000017,1,
10125036,,,,,,,,,,,,,,,,,
10125032,NORMAL,,30000,10125033,20000025,1,20000021,1,20000021,1,20000016,1,20000016,1,20000016,1,
10125033,,,,,,,,,,,,,,,,,
10206011,NORMAL,,30000,10206012,20000025,1,20000023,1,20000023,1,20000018,1,20000018,1,20000018,1,
10206012,,,,,,,,,,,,,,,,,
10206013,NORMAL,,30000,10206014,20000025,1,20000024,1,20000024,1,20000019,1,20000019,1,20000019,1,
10206014,,,,,,,,,,,,,,,,,
#161202_キマイラドロップ用騎士,,,,,,,,,,,,,,,,,
10125030,NORMAL,,30000,10125031,20000025,1,20000024,1,20000024,1,20000019,1,20000019,1,20000019,1,
10125031,,,,,,,,,,,,,,,,,
#161201_どこでもいっしょグループ,,,,,,,,,,,,,,,,,
10206015,NORMAL,,30000,10206016,20000025,1,20000023,1,20000023,1,20000018,1,20000018,1,20000018,1,
10206016,,,,,,,,,,,,,,,,,
10206017,NORMAL,,30000,10206018,20000025,1,20000021,1,20000021,1,20000016,1,20000016,1,20000016,1,
10206018,,,,,,,,,,,,,,,,,
10206019,NORMAL,,20000,10206020,20000022,1,20000022,1,20000017,1,20000017,1,20000012,1,20000012,1,
10206020,,,,,,,,,,,,,,,,,
10206021,NORMAL,,20000,10206022,20000020,1,20000020,1,20000015,1,20000015,1,20000010,1,20000010,1,
10206022,,,,,,,,,,,,,,,,,
10206023,NORMAL,,20000,10206024,20000024,1,20000024,1,20000019,1,20000019,1,20000014,1,20000014,1,
10206024,,,,,,,,,,,,,,,,,
#161201_逆行グループ,,,,,,,,,,,,,,,,,
10125022,NORMAL,,30000,10125023,20000025,1,20000024,1,20000024,1,20000019,1,20000019,1,20000019,1,
10125023,,,,,,,,,,,,,,,,,
10125020,NORMAL,,30000,10125021,20000025,1,20000021,1,20000021,1,20000016,1,20000016,1,20000016,1,
10125021,,,,,,,,,,,,,,,,,
10125028,NORMAL,,20000,10125029,20000023,1,20000023,1,20000018,1,20000018,1,20000013,1,20000013,1,
10125029,,,,,,,,,,,,,,,,,
10125024,NORMAL,,20000,10125025,20000020,1,20000020,1,20000015,1,20000015,1,20000010,1,20000010,1,
10125025,,,,,,,,,,,,,,,,,
10125026,NORMAL,,20000,10125027,20000022,1,20000022,1,20000017,1,20000017,1,20000012,1,20000012,1,
10125027,,,,,,,,,,,,,,,,,
#161201_キャンペーン騎士,,,,,,,,,,,,,,,,,
10206025,NORMAL,,30000,10206026,20000025,1,20000023,1,20000023,1,20000018,1,20000018,1,20000018,1,
10206026,,,,,,,,,,,,,,,,,
#161216,,,,,,,,,,,,,,,,,
10104009,NORMAL,,30000,10104010,20000025,1,20000024,1,20000024,1,20000019,1,20000019,1,20000019,1,
10104010,,,,,,,,,,,,,,,,,
10207003,NORMAL,,30000,10207004,20000025,1,20000022,1,20000022,1,20000017,1,20000017,1,20000017,1,
10207004,,,,,,,,,,,,,,,,,
10207001,NORMAL,,30000,10207002,20000025,1,20000020,1,20000020,1,20000015,1,20000015,1,20000015,1,
10207002,,,,,,,,,,,,,,,,,
10104003,NORMAL,,30000,10104004,20000025,1,20000021,1,20000021,1,20000016,1,20000016,1,20000016,1,
10104004,,,,,,,,,,,,,,,,,
10104007,NORMAL,,20000,10104008,20000023,1,20000023,1,20000018,1,20000018,1,20000013,1,20000013,1,
10104008,,,,,,,,,,,,,,,,,
10104005,NORMAL,,20000,10104006,20000022,1,20000022,1,20000017,1,20000017,1,20000012,1,20000012,1,
10104006,,,,,,,,,,,,,,,,,
10130004,NORMAL,,30000,10130005,20000025,1,20000023,1,20000023,1,20000018,1,20000018,1,20000018,1,
10130005,,,,,,,,,,,,,,,,,
10130015,NORMAL,,30000,10130016,20000025,1,20000024,1,20000024,1,20000019,1,20000019,1,20000019,1,
10130016,,,,,,,,,,,,,,,,,
10130010,NORMAL,,30000,10130011,20000025,1,20000024,1,20000024,1,20000019,1,20000019,1,20000019,1,
10130011,,,,,,,,,,,,,,,,,
10130006,NORMAL,,30000,10130007,20000025,1,20000023,1,20000023,1,20000018,1,20000018,1,20000018,1,
10130007,,,,,,,,,,,,,,,,,
10130013,NORMAL,,30000,10130014,20000025,1,20000021,1,20000021,1,20000016,1,20000016,1,20000016,1,
10130014,,,,,,,,,,,,,,,,,
10130001,NORMAL,,30000,10130002,20000025,1,20000023,1,20000023,1,20000018,1,20000018,1,20000018,1,
10130002,,,,,,,,,,,,,,,,,
10130008,NORMAL,,20000,10130009,20000021,1,20000021,1,20000016,1,20000016,1,20000011,1,20000011,1,
10130009,,,,,,,,,,,,,,,,,
10130017,NORMAL,,20000,10130018,20000024,1,20000024,1,20000019,1,20000019,1,20000014,1,20000014,1,
10130018,,,,,,,,,,,,,,,,,
10207005,NORMAL,,30000,10207006,20000025,1,20000024,1,20000024,1,20000019,1,20000019,1,20000019,1,
10207006,,,,,,,,,,,,,,,,,
10207007,NORMAL,,30000,10207008,20000025,1,20000024,1,20000024,1,20000019,1,20000019,1,20000019,1,
10207008,,,,,,,,,,,,,,,,,
10130029,NORMAL,,30000,10130030,20000025,1,20000024,1,20000024,1,20000019,1,20000019,1,20000019,1,
10130030,,,,,,,,,,,,,,,,,
10130032,NORMAL,,30000,10130033,20000025,1,20000023,1,20000023,1,20000018,1,20000018,1,20000018,1,
10130033,,,,,,,,,,,,,,,,,
10111023,NORMAL,,30000,10111024,20000025,1,20000020,1,20000020,1,20000015,1,20000015,1,20000015,1,
10111024,,,,,,,,,,,,,,,,,
10110033,NORMAL,,30000,10110034,20000025,1,20000024,1,20000024,1,20000019,1,20000019,1,20000019,1,
10110034,,,,,,,,,,,,,,,,,
10207009,NORMAL,,30000,10207010,20000025,1,20000023,1,20000023,1,20000018,1,20000018,1,20000018,1,
10207010,,,,,,,,,,,,,,,,,
10103005,NORMAL,,30000,10103006,20000025,1,20000022,1,20000022,1,20000017,1,20000017,1,20000017,1,
10103006,,,,,,,,,,,,,,,,,
10207011,NORMAL,,30000,10207012,20000025,1,20000024,1,20000024,1,20000019,1,20000019,1,20000019,1,
10207012,,,,,,,,,,,,,,,,,
10103001,NORMAL,,20000,10103002,20000020,1,20000020,1,20000015,1,20000015,1,20000010,1,20000010,1,
10103002,,,,,,,,,,,,,,,,,
10103003,NORMAL,,20000,10103004,20000021,1,20000021,1,20000016,1,20000016,1,20000011,1,20000011,1,
10103004,,,,,,,,,,,,,,,,,
10103009,NORMAL,,20000,10103010,20000024,1,20000024,1,20000019,1,20000019,1,20000014,1,20000014,1,
10103010,,,,,,,,,,,,,,,,,
10130021,NORMAL,,30000,10130022,20000025,1,20000021,1,20000021,1,20000016,1,20000016,1,20000016,1,
10130022,,,,,,,,,,,,,,,,,
10130019,NORMAL,,30000,10130020,20000025,1,20000022,1,20000022,1,20000017,1,20000017,1,20000017,1,
10130020,,,,,,,,,,,,,,,,,
10130025,NORMAL,,20000,10130026,20000023,1,20000023,1,20000018,1,20000018,1,20000013,1,20000013,1,
10130026,,,,,,,,,,,,,,,,,
10130023,NORMAL,,20000,10130024,20000020,1,20000020,1,20000015,1,20000015,1,20000010,1,20000010,1,
10130024,,,,,,,,,,,,,,,,,
10130027,NORMAL,,20000,10130028,20000024,1,20000024,1,20000019,1,20000019,1,20000014,1,20000014,1,
10130028,,,,,,,,,,,,,,,,,
10147058,NORMAL,,30000,10147059,20000025,1,20000022,1,20000022,1,20000017,1,20000017,1,20000017,1,
10147059,,,,,,,,,,,,,,,,,
10147060,NORMAL,,30000,10147061,20000025,1,20000023,1,20000023,1,20000018,1,20000018,1,20000018,1,
10147061,,,,,,,,,,,,,,,,,
10147054,NORMAL,,30000,10147055,20000025,1,20000023,1,20000023,1,20000018,1,20000018,1,20000018,1,
10147055,,,,,,,,,,,,,,,,,
10147056,NORMAL,,30000,10147057,20000025,1,20000022,1,20000022,1,20000017,1,20000017,1,20000017,1,
10147057,,,,,,,,,,,,,,,,,
10104001,NORMAL,,20000,10104002,20000020,1,20000020,1,20000015,1,20000015,1,20000010,1,20000010,1,
10104002,,,,,,,,,,,,,,,,,
#161226,,,,,,,,,,,,,,,,,
10118001,NORMAL,,30000,10118002,20000025,1,20000020,1,20000020,1,20000015,1,20000015,1,20000015,1,
10118002,,,,,,,,,,,,,,,,,
10118007,NORMAL,,30000,10118008,20000025,1,20000020,1,20000020,1,20000015,1,20000015,1,20000015,1,
10118008,,,,,,,,,,,,,,,,,
10118009,NORMAL,,30000,10118010,20000025,1,20000022,1,20000022,1,20000017,1,20000017,1,20000017,1,
10118010,,,,,,,,,,,,,,,,,
10118004,NORMAL,,30000,10118005,20000025,1,20000022,1,20000022,1,20000017,1,20000017,1,20000017,1,
10118005,,,,,,,,,,,,,,,,,
10118011,NORMAL,,20000,10118012,20000021,1,20000021,1,20000016,1,20000016,1,20000011,1,20000011,1,
10118012,,,,,,,,,,,,,,,,,
10105008,NORMAL,,30000,10105009,20000025,1,20000023,1,20000023,1,20000018,1,20000018,1,20000018,1,
10105009,,,,,,,,,,,,,,,,,
10105001,NORMAL,,30000,10105002,20000025,1,20000020,1,20000020,1,20000015,1,20000015,1,20000015,1,
10105002,,,,,,,,,,,,,,,,,
10105011,NORMAL,,30000,10105012,20000025,1,20000024,1,20000024,1,20000019,1,20000019,1,20000019,1,
10105012,,,,,,,,,,,,,,,,,
10208001,NORMAL,,30000,10208002,20000025,1,20000021,1,20000021,1,20000016,1,20000016,1,20000016,1,
10208002,,,,,,,,,,,,,,,,,
10105006,NORMAL,,20000,10105007,20000022,1,20000022,1,20000017,1,20000017,1,20000012,1,20000012,1,
10105007,,,,,,,,,,,,,,,,,
10105004,NORMAL,,20000,10105005,20000021,1,20000021,1,20000016,1,20000016,1,20000011,1,20000011,1,
10105005,,,,,,,,,,,,,,,,,
#161231,,,,,,,,,,,,,,,,,
10131001,NORMAL,,30000,10131002,20000025,1,20000022,1,20000022,1,20000017,1,20000017,1,20000017,1,
10131002,,,,,,,,,,,,,,,,,
10131015,NORMAL,,30000,10131016,20000025,1,20000022,1,20000022,1,20000017,1,20000017,1,20000017,1,
10131016,,,,,,,,,,,,,,,,,
10208005,NORMAL,,30000,10208006,20000025,1,20000023,1,20000023,1,20000018,1,20000018,1,20000018,1,
10208006,,,,,,,,,,,,,,,,,
10131010,NORMAL,,30000,10131011,20000025,1,20000020,1,20000020,1,20000015,1,20000015,1,20000015,1,
10131011,,,,,,,,,,,,,,,,,
10131004,NORMAL,,30000,10131005,20000025,1,20000022,1,20000022,1,20000017,1,20000017,1,20000017,1,
10131005,,,,,,,,,,,,,,,,,
10131013,NORMAL,,30000,10131014,20000025,1,20000023,1,20000023,1,20000018,1,20000018,1,20000018,1,
10131014,,,,,,,,,,,,,,,,,
10131006,NORMAL,,30000,10131007,20000025,1,20000023,1,20000023,1,20000018,1,20000018,1,20000018,1,
10131007,,,,,,,,,,,,,,,,,
10208007,NORMAL,,30000,10208008,20000025,1,20000020,1,20000020,1,20000015,1,20000015,1,20000015,1,
10208008,,,,,,,,,,,,,,,,,
10131008,NORMAL,,20000,10131009,20000022,1,20000022,1,20000017,1,20000017,1,20000012,1,20000012,1,
10131009,,,,,,,,,,,,,,,,,
10131017,NORMAL,,20000,10131018,20000024,1,20000024,1,20000019,1,20000019,1,20000014,1,20000014,1,
10131018,,,,,,,,,,,,,,,,,
10208003,NORMAL,,30000,10208004,20000025,1,20000022,1,20000022,1,20000017,1,20000017,1,20000017,1,
10208004,,,,,,,,,,,,,,,,,
10120039,NORMAL,,30000,10120040,20000025,1,20000020,1,20000020,1,20000015,1,20000015,1,20000015,1,
10120040,,,,,,,,,,,,,,,,,
10131034,NORMAL,,30000,10131035,20000025,1,20000023,1,20000023,1,20000018,1,20000018,1,20000018,1,
10131035,,,,,,,,,,,,,,,,,
10120037,NORMAL,,30000,10120038,20000025,1,20000024,1,20000024,1,20000019,1,20000019,1,20000019,1,
10120038,,,,,,,,,,,,,,,,,
10131031,NORMAL,,30000,10131032,20000025,1,20000020,1,20000020,1,20000015,1,20000015,1,20000015,1,
10131032,,,,,,,,,,,,,,,,,
10131029,NORMAL,,30000,10131030,20000025,1,20000022,1,20000022,1,20000017,1,20000017,1,20000017,1,
10131030,,,,,,,,,,,,,,,,,
10001057,NORMAL,,20000,10001058,20000023,1,20000023,1,20000018,1,20000018,1,20000013,1,20000013,1,
10001058,,,,,,,,,,,,,,,,,
10105018,NORMAL,,30000,10105019,20000025,1,20000021,1,20000021,1,20000016,1,20000016,1,20000016,1,
10105019,,,,,,,,,,,,,,,,,
10105015,NORMAL,,30000,10105016,20000025,1,20000022,1,20000022,1,20000017,1,20000017,1,20000017,1,
10105016,,,,,,,,,,,,,,,,,
10105013,NORMAL,,20000,10105014,20000020,1,20000020,1,20000015,1,20000015,1,20000010,1,20000010,1,
10105014,,,,,,,,,,,,,,,,,
10105020,NORMAL,,20000,10105021,20000023,1,20000023,1,20000018,1,20000018,1,20000013,1,20000013,1,
10105021,,,,,,,,,,,,,,,,,
10105022,NORMAL,,20000,10105023,20000024,1,20000024,1,20000019,1,20000019,1,20000014,1,20000014,1,
10105023,,,,,,,,,,,,,,,,,
10131019,NORMAL,,30000,10131020,20000025,1,20000024,1,20000024,1,20000019,1,20000019,1,20000019,1,
10131020,,,,,,,,,,,,,,,,,
10131021,NORMAL,,30000,10131022,20000025,1,20000023,1,20000023,1,20000018,1,20000018,1,20000018,1,
10131022,,,,,,,,,,,,,,,,,
10131023,NORMAL,,20000,10131024,20000022,1,20000022,1,20000017,1,20000017,1,20000012,1,20000012,1,
10131024,,,,,,,,,,,,,,,,,
10131027,NORMAL,,20000,10131028,20000020,1,20000020,1,20000015,1,20000015,1,20000010,1,20000010,1,
10131028,,,,,,,,,,,,,,,,,
10131025,NORMAL,,20000,10131026,20000021,1,20000021,1,20000016,1,20000016,1,20000011,1,20000011,1,
10131026,,,,,,,,,,,,,,,,,
#1612福袋,,,,,,,,,,,,,,,,,
10208009,,,,,,,,,,,,,,,,,
10208010,,,,,,,,,,,,,,,,,
10208011,,,,,,,,,,,,,,,,,
10208012,,,,,,,,,,,,,,,,,
10208013,,,,,,,,,,,,,,,,,
10208014,,,,,,,,,,,,,,,,,
10208015,,,,,,,,,,,,,,,,,
10208016,,,,,,,,,,,,,,,,,
#170116,,,,,,,,,,,,,,,,,
10209001,NORMAL,,30000,10209002,20000025,1,20000024,1,20000024,1,20000019,1,20000019,1,20000019,1,
10209002,,,,,,,,,,,,,,,,,
10131043,NORMAL,,30000,10131044,20000025,1,20000021,1,20000021,1,20000016,1,20000016,1,20000016,1,
10131044,,,,,,,,,,,,,,,,,
10131045,NORMAL,,30000,10131046,20000025,1,20000023,1,20000023,1,20000018,1,20000018,1,20000018,1,
10131046,,,,,,,,,,,,,,,,,
10131041,NORMAL,,30000,10131042,20000025,1,20000024,1,20000024,1,20000019,1,20000019,1,20000019,1,
10131042,,,,,,,,,,,,,,,,,
10209003,NORMAL,,30000,10209004,20000025,1,20000023,1,20000023,1,20000018,1,20000018,1,20000018,1,
10209004,,,,,,,,,,,,,,,,,
10131039,NORMAL,,30000,10131040,20000025,1,20000022,1,20000022,1,20000017,1,20000017,1,20000017,1,
10131040,,,,,,,,,,,,,,,,,
10116004,NORMAL,,30000,10116005,20000025,1,20000022,1,20000022,1,20000017,1,20000017,1,20000017,1,
10116005,,,,,,,,,,,,,,,,,
10209005,NORMAL,,30000,10209006,20000025,1,20000022,1,20000022,1,20000017,1,20000017,1,20000017,1,
10209006,,,,,,,,,,,,,,,,,
10116001,NORMAL,,30000,10116002,20000025,1,20000023,1,20000023,1,20000018,1,20000018,1,20000018,1,
10116002,,,,,,,,,,,,,,,,,
10116007,NORMAL,,30000,10116008,20000025,1,20000023,1,20000023,1,20000018,1,20000018,1,20000018,1,
10116008,,,,,,,,,,,,,,,,,
10116009,NORMAL,,20000,10116010,20000020,1,20000020,1,20000015,1,20000015,1,20000010,1,20000010,1,
10116010,,,,,,,,,,,,,,,,,
10111001,NORMAL,,30000,10111002,20000025,1,20000021,1,20000021,1,20000016,1,20000016,1,20000016,1,
10111002,,,,,,,,,,,,,,,,,
10111005,NORMAL,,30000,10111006,20000025,1,20000021,1,20000021,1,20000016,1,20000016,1,20000016,1,
10111006,,,,,,,,,,,,,,,,,
10111007,NORMAL,,30000,10111008,20000025,1,20000021,1,20000021,1,20000016,1,20000016,1,20000016,1,
10111008,,,,,,,,,,,,,,,,,
10111003,NORMAL,,30000,10111004,20000025,1,20000021,1,20000021,1,20000016,1,20000016,1,20000016,1,
10111004,,,,,,,,,,,,,,,,,
10116029,NORMAL,,30000,10116030,20000025,1,20000022,1,20000022,1,20000017,1,20000017,1,20000017,1,
10116030,,,,,,,,,,,,,,,,,
10116023,NORMAL,,30000,10116024,20000025,1,20000024,1,20000024,1,20000019,1,20000019,1,20000019,1,
10116024,,,,,,,,,,,,,,,,,
10116031,NORMAL,,30000,10116032,20000025,1,20000020,1,20000020,1,20000015,1,20000015,1,20000015,1,
10116032,,,,,,,,,,,,,,,,,
10116026,NORMAL,,30000,10116027,20000025,1,20000024,1,20000024,1,20000019,1,20000019,1,20000019,1,
10116027,,,,,,,,,,,,,,,,,
10109021,NORMAL,,30000,10109022,20000025,1,20000024,1,20000024,1,20000019,1,20000019,1,20000019,1,
10109022,,,,,,,,,,,,,,,,,
10209007,NORMAL,,30000,10209008,20000025,1,20000020,1,20000020,1,20000015,1,20000015,1,20000015,1,
10209008,,,,,,,,,,,,,,,,,
10209009,NORMAL,,30000,10209010,20000025,1,20000022,1,20000022,1,20000017,1,20000017,1,20000017,1,
10209010,,,,,,,,,,,,,,,,,
10209011,NORMAL,,20000,10209012,20000023,1,20000023,1,20000018,1,20000018,1,20000013,1,20000013,1,
10209012,,,,,,,,,,,,,,,,,
10209013,NORMAL,,20000,10209014,20000024,1,20000024,1,20000019,1,20000019,1,20000014,1,20000014,1,
10209014,,,,,,,,,,,,,,,,,
10209015,NORMAL,,20000,10209016,20000021,1,20000021,1,20000016,1,20000016,1,20000011,1,20000011,1,
10209016,,,,,,,,,,,,,,,,,
10111019,NORMAL,,30000,10111020,20000025,1,20000024,1,20000024,1,20000019,1,20000019,1,20000019,1,
10111020,,,,,,,,,,,,,,,,,
10111017,NORMAL,,30000,10111018,20000025,1,20000022,1,20000022,1,20000017,1,20000017,1,20000017,1,
10111018,,,,,,,,,,,,,,,,,
10111013,NORMAL,,20000,10111014,20000021,1,20000021,1,20000016,1,20000016,1,20000011,1,20000011,1,
10111014,,,,,,,,,,,,,,,,,
10111015,NORMAL,,20000,10111016,20000023,1,20000023,1,20000018,1,20000018,1,20000013,1,20000013,1,
10111016,,,,,,,,,,,,,,,,,
10111011,NORMAL,,20000,10111012,20000020,1,20000020,1,20000015,1,20000015,1,20000010,1,20000010,1,
10111012,,,,,,,,,,,,,,,,,
10209017,NORMAL,,30000,10209018,20000025,1,20000020,1,20000020,1,20000015,1,20000015,1,20000015,1,
10209018,,,,,,,,,,,,,,,,,
10209019,,,,,,,,,,,,,,,,,
10209020,,,,,,,,,,,,,,,,,
10209021,,,,,,,,,,,,,,,,,
10209022,,,,,,,,,,,,,,,,,
10209023,NORMAL,,30000,10209024,20000025,1,20000021,1,20000021,1,20000016,1,20000016,1,20000016,1,
10209024,,,,,,,,,,,,,,,,,
10209025,NORMAL,,30000,10209026,20000025,1,20000020,1,20000020,1,20000015,1,20000015,1,20000015,1,
10209026,,,,,,,,,,,,,,,,,
#170127_御祭性,,,,,,,,,,,,,,,,,
10133050,NORMAL,,30000,10133051,20000025,1,20000021,1,20000021,1,20000016,1,20000016,1,20000016,1,
10133051,,,,,,,,,,,,,,,,,
10130049,NORMAL,,30000,10130050,20000025,1,20000020,1,20000020,1,20000015,1,20000015,1,20000015,1,
10130050,,,,,,,,,,,,,,,,,
10130051,NORMAL,,30000,10130052,20000025,1,20000023,1,20000023,1,20000018,1,20000018,1,20000018,1,
10130052,,,,,,,,,,,,,,,,,
10128045,NORMAL,,30000,10128046,20000025,1,20000022,1,20000022,1,20000017,1,20000017,1,20000017,1,
10128046,,,,,,,,,,,,,,,,,
#170131,,,,,,,,,,,,,,,,,
10108011,NORMAL,,30000,10108012,20000025,1,20000023,1,20000023,1,20000018,1,20000018,1,20000018,1,
10108012,,,,,,,,,,,,,,,,,
10210001,NORMAL,,30000,10210002,20000025,1,20000020,1,20000020,1,20000015,1,20000015,1,20000015,1,
10210002,,,,,,,,,,,,,,,,,
10108009,NORMAL,,30000,10108010,20000025,1,20000021,1,20000021,1,20000016,1,20000016,1,20000016,1,
10108010,,,,,,,,,,,,,,,,,
10108015,NORMAL,,30000,10108016,20000025,1,20000022,1,20000022,1,20000017,1,20000017,1,20000017,1,
10108016,,,,,,,,,,,,,,,,,
10108017,NORMAL,,20000,10108018,20000024,1,20000024,1,20000019,1,20000019,1,20000014,1,20000014,1,
10108018,,,,,,,,,,,,,,,,,
10108013,NORMAL,,20000,10108014,20000020,1,20000020,1,20000015,1,20000015,1,20000010,1,20000010,1,
10108014,,,,,,,,,,,,,,,,,
10210003,NORMAL,,30000,10210004,20000025,1,20000020,1,20000020,1,20000015,1,20000015,1,20000015,1,
10210004,,,,,,,,,,,,,,,,,
10133017,NORMAL,,30000,10133018,20000025,1,20000023,1,20000023,1,20000018,1,20000018,1,20000018,1,
10133018,,,,,,,,,,,,,,,,,
10133019,NORMAL,,30000,10133020,20000025,1,20000023,1,20000023,1,20000018,1,20000018,1,20000018,1,
10133020,,,,,,,,,,,,,,,,,
10133023,NORMAL,,30000,10133024,20000025,1,20000024,1,20000024,1,20000019,1,20000019,1,20000019,1,
10133024,,,,,,,,,,,,,,,,,
10133025,NORMAL,,20000,10133026,20000021,1,20000021,1,20000016,1,20000016,1,20000011,1,20000011,1,
10133026,,,,,,,,,,,,,,,,,
10140045,NORMAL,,30000,10140046,20000025,1,20000024,1,20000024,1,20000019,1,20000019,1,20000019,1,
10140046,,,,,,,,,,,,,,,,,
10125016,NORMAL,,30000,10125017,20000025,1,20000021,1,20000021,1,20000016,1,20000016,1,20000016,1,
10125017,,,,,,,,,,,,,,,,,
10140043,NORMAL,,30000,10140044,20000025,1,20000020,1,20000020,1,20000015,1,20000015,1,20000015,1,
10140044,,,,,,,,,,,,,,,,,
10140047,NORMAL,,30000,10140048,20000025,1,20000020,1,20000020,1,20000015,1,20000015,1,20000015,1,
10140048,,,,,,,,,,,,,,,,,
10210005,NORMAL,,30000,10210006,20000025,1,20000020,1,20000020,1,20000015,1,20000015,1,20000015,1,
10210006,,,,,,,,,,,,,,,,,
10210007,NORMAL,,30000,10210008,20000025,1,20000020,1,20000020,1,20000015,1,20000015,1,20000015,1,
10210008,,,,,,,,,,,,,,,,,
10108019,NORMAL,,30000,10108020,20000025,1,20000020,1,20000020,1,20000015,1,20000015,1,20000015,1,
10108020,,,,,,,,,,,,,,,,,
10108021,NORMAL,,30000,10108022,20000025,1,20000021,1,20000021,1,20000016,1,20000016,1,20000016,1,
10108022,,,,,,,,,,,,,,,,,
10108023,NORMAL,,20000,10108024,20000022,1,20000022,1,20000017,1,20000017,1,20000012,1,20000012,1,
10108024,,,,,,,,,,,,,,,,,
10108025,NORMAL,,20000,10108026,20000023,1,20000023,1,20000018,1,20000018,1,20000013,1,20000013,1,
10108026,,,,,,,,,,,,,,,,,
10108027,NORMAL,,20000,10108028,20000024,1,20000024,1,20000019,1,20000019,1,20000014,1,20000014,1,
10108028,,,,,,,,,,,,,,,,,
10133029,NORMAL,,30000,10133030,20000025,1,20000020,1,20000020,1,20000015,1,20000015,1,20000015,1,
10133030,,,,,,,,,,,,,,,,,
10133027,NORMAL,,30000,10133028,20000025,1,20000021,1,20000021,1,20000016,1,20000016,1,20000016,1,
10133028,,,,,,,,,,,,,,,,,
10133033,NORMAL,,20000,10133034,20000022,1,20000022,1,20000017,1,20000017,1,20000012,1,20000012,1,
10133034,,,,,,,,,,,,,,,,,
10133035,NORMAL,,20000,10133036,20000023,1,20000023,1,20000018,1,20000018,1,20000013,1,20000013,1,
10133036,,,,,,,,,,,,,,,,,
10133031,NORMAL,,20000,10133032,20000024,1,20000024,1,20000019,1,20000019,1,20000014,1,20000014,1,
10133032,,,,,,,,,,,,,,,,,
10133021,NORMAL,,30000,10133022,20000025,1,20000021,1,20000021,1,20000016,1,20000016,1,20000016,1,
10133022,,,,,,,,,,,,,,,,,
10210009,NORMAL,,30000,10210010,20000025,1,20000020,1,20000020,1,20000015,1,20000015,1,20000015,1,
10210010,,,,,,,,,,,,,,,,,
10210011,NORMAL,,30000,10210012,20000025,1,20000021,1,20000021,1,20000016,1,20000016,1,20000016,1,
10210012,,,,,,,,,,,,,,,,,
10210013,NORMAL,,30000,10210014,20000025,1,20000024,1,20000024,1,20000019,1,20000019,1,20000019,1,
10210014,,,,,,,,,,,,,,,,,
10210015,NORMAL,,30000,10210016,20000025,1,20000023,1,20000023,1,20000018,1,20000018,1,20000018,1,
10210016,,,,,,,,,,,,,,,,,
#170215,,,,,,,,,,,,,,,,,
10135044,NORMAL,,30000,10135045,20000025,1,20000020,1,20000020,1,20000015,1,20000015,1,20000015,1,
10135045,,,,,,,,,,,,,,,,,
10135046,NORMAL,,30000,10135047,20000025,1,20000022,1,20000022,1,20000017,1,20000017,1,20000017,1,
10135047,,,,,,,,,,,,,,,,,
10135048,NORMAL,,30000,10135049,20000025,1,20000020,1,20000020,1,20000015,1,20000015,1,20000015,1,
10135049,,,,,,,,,,,,,,,,,
10135042,NORMAL,,30000,10135043,20000025,1,20000023,1,20000023,1,20000018,1,20000018,1,20000018,1,
10135043,,,,,,,,,,,,,,,,,
10211001,NORMAL,,30000,10211002,20000025,1,20000023,1,20000023,1,20000018,1,20000018,1,20000018,1,
10211002,,,,,,,,,,,,,,,,,
10127004,NORMAL,,30000,10127005,20000025,1,20000021,1,20000021,1,20000016,1,20000016,1,20000016,1,
10127005,,,,,,,,,,,,,,,,,
10127006,NORMAL,,30000,10127007,20000025,1,20000020,1,20000020,1,20000015,1,20000015,1,20000015,1,
10127007,,,,,,,,,,,,,,,,,
10127008,NORMAL,,30000,10127009,20000025,1,20000023,1,20000023,1,20000018,1,20000018,1,20000018,1,
10127009,,,,,,,,,,,,,,,,,
10127001,NORMAL,,30000,10127002,20000025,1,20000020,1,20000020,1,20000015,1,20000015,1,20000015,1,
10127002,,,,,,,,,,,,,,,,,
10127013,NORMAL,,30000,10127014,20000025,1,20000020,1,20000020,1,20000015,1,20000015,1,20000015,1,
10127014,,,,,,,,,,,,,,,,,
10127017,NORMAL,,30000,10127018,20000025,1,20000021,1,20000021,1,20000016,1,20000016,1,20000016,1,
10127018,,,,,,,,,,,,,,,,,
10127015,NORMAL,,30000,10127016,20000025,1,20000023,1,20000023,1,20000018,1,20000018,1,20000018,1,
10127016,,,,,,,,,,,,,,,,,
10127010,NORMAL,,30000,10127011,20000025,1,20000021,1,20000021,1,20000016,1,20000016,1,20000016,1,
10127011,,,,,,,,,,,,,,,,,
10119025,NORMAL,,30000,10119026,20000025,1,20000020,1,20000020,1,20000015,1,20000015,1,20000015,1,
10119026,,,,,,,,,,,,,,,,,
10211003,NORMAL,,30000,10211004,20000025,1,20000021,1,20000021,1,20000016,1,20000016,1,20000016,1,
10211004,,,,,,,,,,,,,,,,,
10211005,NORMAL,,30000,10211006,20000025,1,20000023,1,20000023,1,20000018,1,20000018,1,20000018,1,
10211006,,,,,,,,,,,,,,,,,
10119033,NORMAL,,30000,10119034,20000025,1,20000022,1,20000022,1,20000017,1,20000017,1,20000017,1,
10119034,,,,,,,,,,,,,,,,,
10108029,NORMAL,,30000,10108030,20000025,1,20000023,1,20000023,1,20000018,1,20000018,1,20000018,1,
10108030,,,,,,,,,,,,,,,,,
10118013,NORMAL,,30000,10118014,20000025,1,20000020,1,20000020,1,20000015,1,20000015,1,20000015,1,
10118014,,,,,,,,,,,,,,,,,
10118021,NORMAL,,30000,10118022,20000025,1,20000024,1,20000024,1,20000019,1,20000019,1,20000019,1,
10118022,,,,,,,,,,,,,,,,,
10118017,NORMAL,,20000,10118018,20000022,1,20000022,1,20000017,1,20000017,1,20000012,1,20000012,1,
10118018,,,,,,,,,,,,,,,,,
10118019,NORMAL,,20000,10118020,20000023,1,20000023,1,20000018,1,20000018,1,20000013,1,20000013,1,
10118020,,,,,,,,,,,,,,,,,
10118015,NORMAL,,20000,10118016,20000021,1,20000021,1,20000016,1,20000016,1,20000011,1,20000011,1,
10118016,,,,,,,,,,,,,,,,,
10107018,NORMAL,,30000,10107019,20000025,1,20000023,1,20000023,1,20000018,1,20000018,1,20000018,1,
10107019,,,,,,,,,,,,,,,,,
10107016,NORMAL,,30000,10107017,20000025,1,20000022,1,20000022,1,20000017,1,20000017,1,20000017,1,
10107017,,,,,,,,,,,,,,,,,
10107012,NORMAL,,20000,10107013,20000020,1,20000020,1,20000015,1,20000015,1,20000010,1,20000010,1,
10107013,,,,,,,,,,,,,,,,,
10107020,NORMAL,,20000,10107021,20000024,1,20000024,1,20000019,1,20000019,1,20000014,1,20000014,1,
10107021,,,,,,,,,,,,,,,,,
10107014,NORMAL,,20000,10107015,20000021,1,20000021,1,20000016,1,20000016,1,20000011,1,20000011,1,
10107015,,,,,,,,,,,,,,,,,
10211007,NORMAL,,30000,10211008,20000025,1,20000022,1,20000022,1,20000017,1,20000017,1,20000017,1,
10211008,,,,,,,,,,,,,,,,,
#170302,,,,,,,,,,,,,,,,,
10212001,NORMAL,,30000,10212002,20000025,1,20000020,1,20000020,1,20000015,1,20000015,1,20000015,1,
10212002,,,,,,,,,,,,,,,,,
10212003,NORMAL,,30000,10212004,20000025,1,20000024,1,20000024,1,20000019,1,20000019,1,20000019,1,
10212004,,,,,,,,,,,,,,,,,
10212005,NORMAL,,30000,10212006,20000025,1,20000023,1,20000023,1,20000018,1,20000018,1,20000018,1,
10212006,,,,,,,,,,,,,,,,,
10212007,NORMAL,,30000,10212008,20000025,1,20000024,1,20000024,1,20000019,1,20000019,1,20000019,1,
10212008,,,,,,,,,,,,,,,,,
10212009,NORMAL,,20000,10212010,20000023,1,20000023,1,20000018,1,20000018,1,20000013,1,20000013,1,
10212010,,,,,,,,,,,,,,,,,
10212011,NORMAL,,30000,10212012,20000025,1,20000023,1,20000023,1,20000018,1,20000018,1,20000018,1,
10212012,,,,,,,,,,,,,,,,,
10212013,NORMAL,,30000,10212014,20000025,1,20000023,1,20000023,1,20000018,1,20000018,1,20000018,1,
10212014,,,,,,,,,,,,,,,,,
10212015,NORMAL,,30000,10212016,20000025,1,20000024,1,20000024,1,20000019,1,20000019,1,20000019,1,
10212016,,,,,,,,,,,,,,,,,
10212017,NORMAL,,30000,10212018,20000025,1,20000022,1,20000022,1,20000017,1,20000017,1,20000017,1,
10212018,,,,,,,,,,,,,,,,,
10212019,NORMAL,,20000,10212020,20000022,1,20000022,1,20000017,1,20000017,1,20000012,1,20000012,1,
10212020,,,,,,,,,,,,,,,,,
10212021,NORMAL,,20000,10212022,20000021,1,20000021,1,20000016,1,20000016,1,20000011,1,20000011,1,
10212022,,,,,,,,,,,,,,,,,
10135005,NORMAL,,30000,10135006,20000025,1,20000020,1,20000020,1,20000015,1,20000015,1,20000015,1,
10135006,,,,,,,,,,,,,,,,,
10135007,NORMAL,,30000,10135008,20000025,1,20000022,1,20000022,1,20000017,1,20000017,1,20000017,1,
10135008,,,,,,,,,,,,,,,,,
10135001,NORMAL,,30000,10135002,20000025,1,20000020,1,20000020,1,20000015,1,20000015,1,20000015,1,
10135002,,,,,,,,,,,,,,,,,
10135003,NORMAL,,30000,10135004,20000025,1,20000020,1,20000020,1,20000015,1,20000015,1,20000015,1,
10135004,,,,,,,,,,,,,,,,,
10135009,NORMAL,,20000,10135010,20000020,1,20000020,1,20000015,1,20000015,1,20000010,1,20000010,1,
10135010,,,,,,,,,,,,,,,,,
10212023,NORMAL,,30000,10212024,20000025,1,20000020,1,20000020,1,20000015,1,20000015,1,20000015,1,
10212024,,,,,,,,,,,,,,,,,
10212025,NORMAL,,30000,10212026,20000025,1,20000022,1,20000022,1,20000017,1,20000017,1,20000017,1,
10212026,,,,,,,,,,,,,,,,,
10212027,NORMAL,,30000,10212028,20000025,1,20000021,1,20000021,1,20000016,1,20000016,1,20000016,1,
10212028,,,,,,,,,,,,,,,,,
10212029,NORMAL,,30000,10212030,20000025,1,20000024,1,20000024,1,20000019,1,20000019,1,20000019,1,
10212030,,,,,,,,,,,,,,,,,
10212031,NORMAL,,30000,10212032,20000025,1,20000023,1,20000023,1,20000018,1,20000018,1,20000018,1,
10212032,,,,,,,,,,,,,,,,,
10137021,NORMAL,,30000,10137022,20000025,1,20000020,1,20000020,1,20000015,1,20000015,1,20000015,1,
10137022,,,,,,,,,,,,,,,,,
10212035,NORMAL,,30000,10212036,20000025,1,20000023,1,20000023,1,20000018,1,20000018,1,20000018,1,
10212036,,,,,,,,,,,,,,,,,
10128021,NORMAL,,20000,10128022,20000021,1,20000021,1,20000016,1,20000016,1,20000011,1,20000011,1,
10128022,,,,,,,,,,,,,,,,,
10137027,NORMAL,,20000,10137028,20000024,1,20000024,1,20000019,1,20000019,1,20000014,1,20000014,1,
10137028,,,,,,,,,,,,,,,,,
10137029,NORMAL,,20000,10137030,20000022,1,20000022,1,20000017,1,20000017,1,20000012,1,20000012,1,
10137030,,,,,,,,,,,,,,,,,
10137023,NORMAL,,30000,10137024,20000025,1,20000021,1,20000021,1,20000016,1,20000016,1,20000016,1,
10137024,,,,,,,,,,,,,,,,,
10212033,NORMAL,,30000,10212034,20000025,1,20000020,1,20000020,1,20000015,1,20000015,1,20000015,1,
10212034,,,,,,,,,,,,,,,,,
10128023,NORMAL,,20000,10128024,20000024,1,20000024,1,20000019,1,20000019,1,20000014,1,20000014,1,
10128024,,,,,,,,,,,,,,,,,
10128025,NORMAL,,20000,10128026,20000023,1,20000023,1,20000018,1,20000018,1,20000013,1,20000013,1,
10128026,,,,,,,,,,,,,,,,,
10137025,NORMAL,,20000,10137026,20000023,1,20000023,1,20000018,1,20000018,1,20000013,1,20000013,1,
10137026,,,,,,,,,,,,,,,,,
10212039,NORMAL,,30000,10212040,20000025,1,20000020,1,20000020,1,20000015,1,20000015,1,20000015,1,
10212040,,,,,,,,,,,,,,,,,
10212037,NORMAL,,30000,10212038,20000025,1,20000024,1,20000024,1,20000019,1,20000019,1,20000019,1,
10212038,,,,,,,,,,,,,,,,,
#170316,,,,,,,,,,,,,,,,,
10113011,NORMAL,,30000,10113012,20000025,1,20000020,1,20000020,1,20000015,1,20000015,1,20000015,1,
10113012,,,,,,,,,,,,,,,,,
10213001,NORMAL,,30000,10213002,20000025,1,20000020,1,20000020,1,20000015,1,20000015,1,20000015,1,
10213002,,,,,,,,,,,,,,,,,
10213003,NORMAL,,30000,10213004,20000025,1,20000023,1,20000023,1,20000018,1,20000018,1,20000018,1,
10213004,,,,,,,,,,,,,,,,,
10213005,NORMAL,,30000,10213006,20000025,1,20000022,1,20000022,1,20000017,1,20000017,1,20000017,1,
10213006,,,,,,,,,,,,,,,,,
10213007,NORMAL,,30000,10213008,20000025,1,20000020,1,20000020,1,20000015,1,20000015,1,20000015,1,
10213008,,,,,,,,,,,,,,,,,
10213009,NORMAL,,20000,10213010,20000021,1,20000021,1,20000016,1,20000016,1,20000011,1,20000011,1,
10213010,,,,,,,,,,,,,,,,,
10213011,NORMAL,,30000,10213012,20000025,1,20000021,1,20000021,1,20000016,1,20000016,1,20000016,1,
10213012,,,,,,,,,,,,,,,,,
10213013,NORMAL,,30000,10213014,20000025,1,20000022,1,20000022,1,20000017,1,20000017,1,20000017,1,
10213014,,,,,,,,,,,,,,,,,
10213015,NORMAL,,30000,10213016,20000025,1,20000020,1,20000020,1,20000015,1,20000015,1,20000015,1,
10213016,,,,,,,,,,,,,,,,,
10213017,NORMAL,,30000,10213018,20000025,1,20000020,1,20000020,1,20000015,1,20000015,1,20000015,1,
10213018,,,,,,,,,,,,,,,,,
10140001,NORMAL,,30000,10140002,20000025,1,20000020,1,20000020,1,20000015,1,20000015,1,20000015,1,
10140002,,,,,,,,,,,,,,,,,
10140007,NORMAL,,30000,10140008,20000025,1,20000020,1,20000020,1,20000015,1,20000015,1,20000015,1,
10140008,,,,,,,,,,,,,,,,,
10140005,NORMAL,,30000,10140006,20000025,1,20000024,1,20000024,1,20000019,1,20000019,1,20000019,1,
10140006,,,,,,,,,,,,,,,,,
10140003,NORMAL,,30000,10140004,20000025,1,20000020,1,20000020,1,20000015,1,20000015,1,20000015,1,
10140004,,,,,,,,,,,,,,,,,
10140009,NORMAL,,20000,10140010,20000021,1,20000021,1,20000016,1,20000016,1,20000011,1,20000011,1,
10140010,,,,,,,,,,,,,,,,,
10213019,NORMAL,,30000,10213020,20000025,1,20000024,1,20000024,1,20000019,1,20000019,1,20000019,1,
10213020,,,,,,,,,,,,,,,,,
10213021,NORMAL,,30000,10213022,20000025,1,20000023,1,20000023,1,20000018,1,20000018,1,20000018,1,
10213022,,,,,,,,,,,,,,,,,
10213023,NORMAL,,30000,10213024,20000025,1,20000024,1,20000024,1,20000019,1,20000019,1,20000019,1,
10213024,,,,,,,,,,,,,,,,,
10213025,NORMAL,,30000,10213026,20000025,1,20000021,1,20000021,1,20000016,1,20000016,1,20000016,1,
10213026,,,,,,,,,,,,,,,,,
10213027,NORMAL,,30000,10213028,20000025,1,20000022,1,20000022,1,20000017,1,20000017,1,20000017,1,
10213028,,,,,,,,,,,,,,,,,
10213029,NORMAL,,30000,10213030,20000025,1,20000024,1,20000024,1,20000019,1,20000019,1,20000019,1,
10213030,,,,,,,,,,,,,,,,,
10213031,NORMAL,,30000,10213032,20000025,1,20000020,1,20000020,1,20000015,1,20000015,1,20000015,1,
10213032,,,,,,,,,,,,,,,,,
10213033,NORMAL,,30000,10213034,20000025,1,20000022,1,20000022,1,20000017,1,20000017,1,20000017,1,
10213034,,,,,,,,,,,,,,,,,
10213035,NORMAL,,30000,10213036,20000025,1,20000024,1,20000024,1,20000019,1,20000019,1,20000019,1,
10213036,,,,,,,,,,,,,,,,,
10122027,NORMAL,,20000,10122028,20000022,1,20000022,1,20000017,1,20000017,1,20000012,1,20000012,1,
10122028,,,,,,,,,,,,,,,,,
10122025,NORMAL,,20000,10122026,20000023,1,20000023,1,20000018,1,20000018,1,20000013,1,20000013,1,
10122026,,,,,,,,,,,,,,,,,
10136023,NORMAL,,20000,10136024,20000022,1,20000022,1,20000017,1,20000017,1,20000012,1,20000012,1,
10136024,,,,,,,,,,,,,,,,,
10213037,NORMAL,,30000,10213038,20000025,1,20000020,1,20000020,1,20000015,1,20000015,1,20000015,1,
10213038,,,,,,,,,,,,,,,,,
10213039,NORMAL,,30000,10213040,20000025,1,20000023,1,20000023,1,20000018,1,20000018,1,20000018,1,
10213040,,,,,,,,,,,,,,,,,
10122019,NORMAL,,20000,10122020,20000020,1,20000020,1,20000015,1,20000015,1,20000010,1,20000010,1,
10122020,,,,,,,,,,,,,,,,,
10122021,NORMAL,,20000,10122022,20000024,1,20000024,1,20000019,1,20000019,1,20000014,1,20000014,1,
10122022,,,,,,,,,,,,,,,,,
10136027,NORMAL,,20000,10136028,20000021,1,20000021,1,20000016,1,20000016,1,20000011,1,20000011,1,
10136028,,,,,,,,,,,,,,,,,
10213041,NORMAL,,30000,10213042,20000025,1,20000022,1,20000022,1,20000017,1,20000017,1,20000017,1,
10213042,,,,,,,,,,,,,,,,,
#170331,,,,,,,,,,,,,,,,,
10142043,NORMAL,,30000,10142044,20000025,1,20000021,1,20000021,1,20000016,1,20000016,1,20000016,1,
10142044,,,,,,,,,,,,,,,,,
10142039,NORMAL,,30000,10142040,20000025,1,20000024,1,20000024,1,20000019,1,20000019,1,20000019,1,
10142040,,,,,,,,,,,,,,,,,
10142041,NORMAL,,30000,10142042,20000025,1,20000021,1,20000021,1,20000016,1,20000016,1,20000016,1,
10142042,,,,,,,,,,,,,,,,,
10142045,NORMAL,,30000,10142046,20000025,1,20000021,1,20000021,1,20000016,1,20000016,1,20000016,1,
10142046,,,,,,,,,,,,,,,,,
10129041,NORMAL,,30000,10129042,20000025,1,20000020,1,20000020,1,20000015,1,20000015,1,20000015,1,
10129042,,,,,,,,,,,,,,,,,
10129039,NORMAL,,30000,10129040,20000025,1,20000023,1,20000023,1,20000018,1,20000018,1,20000018,1,
10129040,,,,,,,,,,,,,,,,,
10214001,NORMAL,,30000,10214002,20000025,1,20000022,1,20000022,1,20000017,1,20000017,1,20000017,1,
10214002,,,,,,,,,,,,,,,,,
10129043,NORMAL,,30000,10129044,20000025,1,20000024,1,20000024,1,20000019,1,20000019,1,20000019,1,
10129044,,,,,,,,,,,,,,,,,
10214003,,,,,,,,,,,,,,,,,
10214004,,,,,,,,,,,,,,,,,
10214005,,,,,,,,,,,,,,,,,
10214006,,,,,,,,,,,,,,,,,
10214007,,,,,,,,,,,,,,,,,
10214008,,,,,,,,,,,,,,,,,
10214009,,,,,,,,,,,,,,,,,
10214010,,,,,,,,,,,,,,,,,
10139033,NORMAL,,30000,10139034,20000025,1,20000020,1,20000020,1,20000015,1,20000015,1,20000015,1,
10139034,,,,,,,,,,,,,,,,,
10139035,NORMAL,,30000,10139036,20000025,1,20000024,1,20000024,1,20000019,1,20000019,1,20000019,1,
10139036,,,,,,,,,,,,,,,,,
10139037,NORMAL,,30000,10139038,20000025,1,20000023,1,20000023,1,20000018,1,20000018,1,20000018,1,
10139038,,,,,,,,,,,,,,,,,
10214011,NORMAL,,30000,10214012,20000025,1,20000023,1,20000023,1,20000018,1,20000018,1,20000018,1,
10214012,,,,,,,,,,,,,,,,,
10119017,NORMAL,,30000,10119018,20000025,1,20000023,1,20000023,1,20000018,1,20000018,1,20000018,1,
10119018,,,,,,,,,,,,,,,,,
10214013,NORMAL,,30000,10214014,20000025,1,20000021,1,20000021,1,20000016,1,20000016,1,20000016,1,
10214014,,,,,,,,,,,,,,,,,
10119019,NORMAL,,20000,10119020,20000022,1,20000022,1,20000017,1,20000017,1,20000012,1,20000012,1,
10119020,,,,,,,,,,,,,,,,,
10119023,NORMAL,,20000,10119024,20000024,1,20000024,1,20000019,1,20000019,1,20000014,1,20000014,1,
10119024,,,,,,,,,,,,,,,,,
10214015,NORMAL,,30000,10214016,20000025,1,20000022,1,20000022,1,20000017,1,20000017,1,20000017,1,
10214016,,,,,,,,,,,,,,,,,
10119015,NORMAL,,30000,10119016,20000025,1,20000021,1,20000021,1,20000016,1,20000016,1,20000016,1,
10119016,,,,,,,,,,,,,,,,,
10214017,NORMAL,,20000,10214018,20000024,1,20000024,1,20000019,1,20000019,1,20000014,1,20000014,1,
10214018,,,,,,,,,,,,,,,,,
10119021,NORMAL,,20000,10119022,20000020,1,20000020,1,20000015,1,20000015,1,20000010,1,20000010,1,
10119022,,,,,,,,,,,,,,,,,
10214019,NORMAL,,30000,10214020,20000025,1,20000024,1,20000024,1,20000019,1,20000019,1,20000019,1,
10214020,,,,,,,,,,,,,,,,,
10214021,NORMAL,,30000,10214022,20000025,1,20000021,1,20000021,1,20000016,1,20000016,1,20000016,1,
10214022,,,,,,,,,,,,,,,,,
10214023,NORMAL,,30000,10214024,20000020,1,20000020,1,20000015,1,20000015,1,20000010,1,20000010,1,
10214024,,,,,,,,,,,,,,,,,
#170414,,,,,,,,,,,,,,,,,
10215001,NORMAL,,30000,10215002,20000025,1,20000023,1,20000023,1,20000018,1,20000018,1,20000018,1,
10215002,,,,,,,,,,,,,,,,,
10215003,NORMAL,,30000,10215004,20000025,1,20000023,1,20000023,1,20000018,1,20000018,1,20000018,1,
10215004,,,,,,,,,,,,,,,,,
10215005,NORMAL,,30000,10215006,20000025,1,20000023,1,20000023,1,20000018,1,20000018,1,20000018,1,
10215006,,,,,,,,,,,,,,,,,
10215007,NORMAL,,30000,10215008,20000025,1,20000023,1,20000023,1,20000018,1,20000018,1,20000018,1,
10215008,,,,,,,,,,,,,,,,,
10215009,NORMAL,,20000,10215010,20000024,1,20000024,1,20000019,1,20000019,1,20000014,1,20000014,1,
10215010,,,,,,,,,,,,,,,,,
10215011,NORMAL,,20000,10215012,20000024,1,20000024,1,20000019,1,20000019,1,20000014,1,20000014,1,
10215012,,,,,,,,,,,,,,,,,
10215013,NORMAL,,20000,10215014,20000020,1,20000020,1,20000015,1,20000015,1,20000010,1,20000010,1,
10215014,,,,,,,,,,,,,,,,,
10215015,NORMAL,,20000,10215016,20000022,1,20000022,1,20000017,1,20000017,1,20000012,1,20000012,1,
10215016,,,,,,,,,,,,,,,,,
10215017,,,,,,,,,,,,,,,,,
10215018,,,,,,,,,,,,,,,,,
10215019,,,,,,,,,,,,,,,,,
10215020,,,,,,,,,,,,,,,,,
10215021,NORMAL,,30000,10215022,20000025,1,20000021,1,20000021,1,20000016,1,20000016,1,20000016,1,
10215022,,,,,,,,,,,,,,,,,
10215023,NORMAL,,30000,10215024,20000025,1,20000022,1,20000022,1,20000017,1,20000017,1,20000017,1,
10215024,,,,,,,,,,,,,,,,,
10215025,NORMAL,,30000,10215026,20000025,1,20000022,1,20000022,1,20000017,1,20000017,1,20000017,1,
10215026,,,,,,,,,,,,,,,,,
10215027,NORMAL,,30000,10215028,20000025,1,20000024,1,20000024,1,20000019,1,20000019,1,20000019,1,
10215028,,,,,,,,,,,,,,,,,
10137049,NORMAL,,30000,10137050,20000025,1,20000021,1,20000021,1,20000016,1,20000016,1,20000016,1,
10137050,,,,,,,,,,,,,,,,,
10137045,NORMAL,,30000,10137046,20000025,1,20000021,1,20000021,1,20000016,1,20000016,1,20000016,1,
10137046,,,,,,,,,,,,,,,,,
10137047,NORMAL,,30000,10137048,20000025,1,20000021,1,20000021,1,20000016,1,20000016,1,20000016,1,
10137048,,,,,,,,,,,,,,,,,
10137043,NORMAL,,30000,10137044,20000025,1,20000021,1,20000021,1,20000016,1,20000016,1,20000016,1,
10137044,,,,,,,,,,,,,,,,,
10137003,NORMAL,,20000,10137004,20000022,1,20000022,1,20000017,1,20000017,1,20000012,1,20000012,1,
10137004,,,,,,,,,,,,,,,,,
10215029,NORMAL,,30000,10215030,20000025,1,20000023,1,20000023,1,20000018,1,20000018,1,20000018,1,
10215030,,,,,,,,,,,,,,,,,
10215031,NORMAL,,30000,10215032,20000025,1,20000021,1,20000021,1,20000016,1,20000016,1,20000016,1,
10215032,,,,,,,,,,,,,,,,,
10215033,NORMAL,,30000,10215034,20000025,1,20000024,1,20000024,1,20000019,1,20000019,1,20000019,1,
10215034,,,,,,,,,,,,,,,,,
10215035,NORMAL,,30000,10215036,20000025,1,20000023,1,20000023,1,20000018,1,20000018,1,20000018,1,
10215036,,,,,,,,,,,,,,,,,
10215037,NORMAL,,30000,10215038,20000025,1,20000023,1,20000023,1,20000018,1,20000018,1,20000018,1,
10215038,,,,,,,,,,,,,,,,,
10215039,NORMAL,,30000,10215040,20000025,1,20000021,1,20000021,1,20000016,1,20000016,1,20000016,1,
10215040,,,,,,,,,,,,,,,,,
10123028,NORMAL,,30000,10123029,20000025,1,20000020,1,20000020,1,20000015,1,20000015,1,20000015,1,
10123029,,,,,,,,,,,,,,,,,
10123032,NORMAL,,20000,10123033,20000023,1,20000023,1,20000018,1,20000018,1,20000013,1,20000013,1,
10123033,,,,,,,,,,,,,,,,,
10129023,NORMAL,,20000,10129024,20000023,1,20000023,1,20000018,1,20000018,1,20000013,1,20000013,1,
10129024,,,,,,,,,,,,,,,,,
10215041,NORMAL,,30000,10215042,20000025,1,20000023,1,20000023,1,20000018,1,20000018,1,20000018,1,
10215042,,,,,,,,,,,,,,,,,
10123030,NORMAL,,30000,10123031,20000025,1,20000021,1,20000021,1,20000016,1,20000016,1,20000016,1,
10123031,,,,,,,,,,,,,,,,,
10123036,NORMAL,,20000,10123037,20000022,1,20000022,1,20000017,1,20000017,1,20000012,1,20000012,1,
10123037,,,,,,,,,,,,,,,,,
10123034,NORMAL,,20000,10123035,20000024,1,20000024,1,20000019,1,20000019,1,20000014,1,20000014,1,
10123035,,,,,,,,,,,,,,,,,
10215043,NORMAL,,30000,10215044,20000025,1,20000023,1,20000023,1,20000018,1,20000018,1,20000018,1,
10215044,,,,,,,,,,,,,,,,,
#170428,,,,,,,,,,,,,,,,,
10149009,NORMAL,,30000,10149010,20000025,1,20000022,1,20000022,1,20000017,1,20000017,1,20000017,1,
10149010,,,,,,,,,,,,,,,,,
10149011,NORMAL,,30000,10149012,20000025,1,20000024,1,20000024,1,20000019,1,20000019,1,20000019,1,
10149012,,,,,,,,,,,,,,,,,
10149013,NORMAL,,30000,10149014,20000025,1,20000022,1,20000022,1,20000017,1,20000017,1,20000017,1,
10149014,,,,,,,,,,,,,,,,,
10149015,NORMAL,,30000,10149016,20000025,1,20000020,1,20000020,1,20000015,1,20000015,1,20000015,1,
10149016,,,,,,,,,,,,,,,,,
10149017,NORMAL,,20000,10149018,20000022,1,20000022,1,20000017,1,20000017,1,20000012,1,20000012,1,
10149018,,,,,,,,,,,,,,,,,
10125004,NORMAL,,30000,10125005,20000025,1,20000023,1,20000023,1,20000018,1,20000018,1,20000018,1,
10125005,,,,,,,,,,,,,,,,,
10113023,NORMAL,,30000,10113024,20000025,1,20000020,1,20000020,1,20000015,1,20000015,1,20000015,1,
10113024,,,,,,,,,,,,,,,,,
10125001,NORMAL,,30000,10125002,20000025,1,20000023,1,20000023,1,20000018,1,20000018,1,20000018,1,
10125002,,,,,,,,,,,,,,,,,
10125006,NORMAL,,30000,10125007,20000025,1,20000022,1,20000022,1,20000017,1,20000017,1,20000017,1,
10125007,,,,,,,,,,,,,,,,,
10125008,NORMAL,,20000,10125009,20000024,1,20000024,1,20000019,1,20000019,1,20000014,1,20000014,1,
10125009,,,,,,,,,,,,,,,,,
10216001,NORMAL,,30000,10216002,20000025,1,20000022,1,20000022,1,20000017,1,20000017,1,20000017,1,
10216002,,,,,,,,,,,,,,,,,
10216003,NORMAL,,30000,10216004,20000025,1,20000024,1,20000024,1,20000019,1,20000019,1,20000019,1,
10216004,,,,,,,,,,,,,,,,,
10216005,NORMAL,,30000,10216006,20000025,1,20000022,1,20000022,1,20000017,1,20000017,1,20000017,1,
10216006,,,,,,,,,,,,,,,,,
10216007,NORMAL,,30000,10216008,20000025,1,20000022,1,20000022,1,20000017,1,20000017,1,20000017,1,
10216008,,,,,,,,,,,,,,,,,
10216009,NORMAL,,30000,10216010,20000025,1,20000023,1,20000023,1,20000018,1,20000018,1,20000018,1,
10216010,,,,,,,,,,,,,,,,,
10216011,NORMAL,,30000,10216012,20000025,1,20000020,1,20000020,1,20000015,1,20000015,1,20000015,1,
10216012,,,,,,,,,,,,,,,,,
10216013,NORMAL,,30000,10216014,20000025,1,20000022,1,20000022,1,20000017,1,20000017,1,20000017,1,
10216014,,,,,,,,,,,,,,,,,
10113035,NORMAL,,30000,10113036,20000025,1,20000024,1,20000024,1,20000019,1,20000019,1,20000019,1,
10113036,,,,,,,,,,,,,,,,,
10216015,NORMAL,,30000,10216016,20000025,1,20000023,1,20000023,1,20000018,1,20000018,1,20000018,1,
10216016,,,,,,,,,,,,,,,,,
10132027,NORMAL,,30000,10132028,20000025,1,20000024,1,20000024,1,20000019,1,20000019,1,20000019,1,
10132028,,,,,,,,,,,,,,,,,
10216017,NORMAL,,30000,10216018,20000025,1,20000022,1,20000022,1,20000017,1,20000017,1,20000017,1,
10216018,,,,,,,,,,,,,,,,,
10109019,NORMAL,,30000,10109020,20000025,1,20000024,1,20000024,1,20000019,1,20000019,1,20000019,1,
10109020,,,,,,,,,,,,,,,,,
10109017,NORMAL,,20000,10109018,20000023,1,20000023,1,20000018,1,20000018,1,20000013,1,20000013,1,
10109018,,,,,,,,,,,,,,,,,
10129027,NORMAL,,20000,10129028,20000024,1,20000024,1,20000019,1,20000019,1,20000014,1,20000014,1,
10129028,,,,,,,,,,,,,,,,,
10216019,NORMAL,,30000,10216020,20000025,1,20000020,1,20000020,1,20000015,1,20000015,1,20000015,1,
10216020,,,,,,,,,,,,,,,,,
10109013,NORMAL,,30000,10109014,20000025,1,20000021,1,20000021,1,20000016,1,20000016,1,20000016,1,
10109014,,,,,,,,,,,,,,,,,
10109015,NORMAL,,20000,10109016,20000022,1,20000022,1,20000017,1,20000017,1,20000012,1,20000012,1,
10109016,,,,,,,,,,,,,,,,,
10109011,NORMAL,,20000,10109012,20000020,1,20000020,1,20000015,1,20000015,1,20000010,1,20000010,1,
10109012,,,,,,,,,,,,,,,,,
10216021,NORMAL,,30000,10216022,20000025,1,20000022,1,20000022,1,20000017,1,20000017,1,20000017,1,
10216022,,,,,,,,,,,,,,,,,
10216023,,,,,,,,,,,,,,,,,
10216024,,,,,,,,,,,,,,,,,
10216025,,,,,,,,,,,,,,,,,
#170512,,,,,,,,,,,,,,,,,
10145017,NORMAL,,30000,10145018,20000025,1,20000021,1,20000021,1,20000016,1,20000016,1,20000016,1,
10145018,,,,,,,,,,,,,,,,,
10145013,NORMAL,,30000,10145014,20000025,1,20000022,1,20000022,1,20000017,1,20000017,1,20000017,1,
10145014,,,,,,,,,,,,,,,,,
10145011,NORMAL,,30000,10145012,20000025,1,20000023,1,20000023,1,20000018,1,20000018,1,20000018,1,
10145012,,,,,,,,,,,,,,,,,
10145015,NORMAL,,30000,10145016,20000025,1,20000021,1,20000021,1,20000016,1,20000016,1,20000016,1,
10145016,,,,,,,,,,,,,,,,,
10145019,NORMAL,,20000,10145020,20000020,1,20000020,1,20000015,1,20000015,1,20000010,1,20000010,1,
10145020,,,,,,,,,,,,,,,,,
10153017,NORMAL,,30000,10153018,20000025,1,20000024,1,20000024,1,20000019,1,20000019,1,20000019,1,
10153018,,,,,,,,,,,,,,,,,
10153021,NORMAL,,30000,10153022,20000025,1,20000024,1,20000024,1,20000019,1,20000019,1,20000019,1,
10153022,,,,,,,,,,,,,,,,,
10153025,NORMAL,,30000,10153026,20000025,1,20000021,1,20000021,1,20000016,1,20000016,1,20000016,1,
10153026,,,,,,,,,,,,,,,,,
10153029,NORMAL,,30000,10153030,20000025,1,20000024,1,20000024,1,20000019,1,20000019,1,20000019,1,
10153030,,,,,,,,,,,,,,,,,
10217001,NORMAL,,30000,10217002,20000025,1,20000022,1,20000022,1,20000017,1,20000017,1,20000017,1,
10217002,,,,,,,,,,,,,,,,,
10217003,NORMAL,,30000,10217004,20000025,1,20000021,1,20000021,1,20000016,1,20000016,1,20000016,1,
10217004,,,,,,,,,,,,,,,,,
10217005,NORMAL,,30000,10217006,20000025,1,20000022,1,20000022,1,20000017,1,20000017,1,20000017,1,
10217006,,,,,,,,,,,,,,,,,
10217007,NORMAL,,30000,10217008,20000025,1,20000022,1,20000022,1,20000017,1,20000017,1,20000017,1,
10217008,,,,,,,,,,,,,,,,,
10217009,NORMAL,,20000,10217010,20000023,1,20000023,1,20000018,1,20000018,1,20000013,1,20000013,1,
10217010,,,,,,,,,,,,,,,,,
10147040,NORMAL,,30000,10147041,20000025,1,20000021,1,20000021,1,20000016,1,20000016,1,20000016,1,
10147041,,,,,,,,,,,,,,,,,
10147036,NORMAL,,30000,10147037,20000025,1,20000022,1,20000022,1,20000017,1,20000017,1,20000017,1,
10147037,,,,,,,,,,,,,,,,,
10129033,NORMAL,,30000,10129034,20000025,1,20000024,1,20000024,1,20000019,1,20000019,1,20000019,1,
10129034,,,,,,,,,,,,,,,,,
10129036,NORMAL,,30000,10129037,20000025,1,20000024,1,20000024,1,20000019,1,20000019,1,20000019,1,
10129037,,,,,,,,,,,,,,,,,
10115001,NORMAL,,30000,10115002,20000025,1,20000020,1,20000020,1,20000015,1,20000015,1,20000015,1,
10115002,,,,,,,,,,,,,,,,,
10217011,NORMAL,,30000,10217012,20000025,1,20000022,1,20000022,1,20000017,1,20000017,1,20000017,1,
10217012,,,,,,,,,,,,,,,,,
10139021,NORMAL,,30000,10139022,20000025,1,20000024,1,20000024,1,20000019,1,20000019,1,20000019,1,
10139022,,,,,,,,,,,,,,,,,
10139025,NORMAL,,20000,10139026,20000023,1,20000023,1,20000018,1,20000018,1,20000013,1,20000013,1,
10139026,,,,,,,,,,,,,,,,,
10217013,NORMAL,,30000,10217014,20000025,1,20000024,1,20000024,1,20000019,1,20000019,1,20000019,1,
10217014,,,,,,,,,,,,,,,,,
10139023,NORMAL,,30000,10139024,20000025,1,20000020,1,20000020,1,20000015,1,20000015,1,20000015,1,
10139024,,,,,,,,,,,,,,,,,
10139029,NORMAL,,20000,10139030,20000022,1,20000022,1,20000017,1,20000017,1,20000012,1,20000012,1,
10139030,,,,,,,,,,,,,,,,,
10217015,NORMAL,,30000,10217016,20000025,1,20000021,1,20000021,1,20000016,1,20000016,1,20000016,1,
10217016,,,,,,,,,,,,,,,,,
10217017,NORMAL,,30000,10217018,20000025,1,20000023,1,20000023,1,20000018,1,20000018,1,20000018,1,
10217018,,,,,,,,,,,,,,,,,
#未実装,,,,,,,,,,,,,,,,,
#素材カード_UD,,,,,,,,,,,,,,,,,
#20001001,,,,,,,,,,,,,,,,,
#20001002,,,,,,,,,,,,,,,,,
#20001003,,,,,,,,,,,,,,,,,
#20001004,,,,,,,,,,,,,,,,,
#20001005,,,,,,,,,,,,,,,,,
#20001006,,,,,,,,,,,,,,,,,
#20001007,,,,,,,,,,,,,,,,,
#20001008,,,,,,,,,,,,,,,,,
#20001009,,,,,,,,,,,,,,,,,
#20001010,,,,,,,,,,,,,,,,,
#20001011,,,,,,,,,,,,,,,,,
#20001012,,,,,,,,,,,,,,,,,
#20001013,,,,,,,,,,,,,,,,,
#20001014,,,,,,,,,,,,,,,,,
#20001015,,,,,,,,,,,,,,,,,
#20001016,,,,,,,,,,,,,,,,,
#20001017,,,,,,,,,,,,,,,,,
#20001018,,,,,,,,,,,,,,,,,
#10000141,NORMAL,,30000,10000142,20000025,1,20000021,1,20000021,1,20000016,1,20000016,1,20000016,1,
#10000208,NORMAL,,20000,10000209,20000022,1,20000022,1,20000017,1,20000017,1,20000012,1,20000012,1,
#10000209,,,,,,,,,,,,,,,,,
#10000300,NORMAL,,30000,10000301,20000025,1,20000024,1,20000024,1,20000019,1,20000019,1,20000019,1,
#10001023,NORMAL,,20000,10001024,20000022,1,20000022,1,20000017,1,20000017,1,20000012,1,20000012,1,
#10001024,,,,,,,,,,,,,,,,,
#10001039,NORMAL,,20000,10001040,20000024,1,20000024,1,20000019,1,20000019,1,20000014,1,20000014,1,
#10001040,,,,,,,,,,,,,,,,,
#10001057,NORMAL,,20000,10001058,20000023,1,20000023,1,20000018,1,20000018,1,20000013,1,20000013,1,
#10001058,,,,,,,,,,,,,,,,,
#10002017,NORMAL,,30000,10002018,20000025,1,20000023,1,20000023,1,20000018,1,20000018,1,20000018,1,
#10002018,,,,,,,,,,,,,,,,,
#10002019,NORMAL,,20000,10002020,20000020,1,20000020,1,20000015,1,20000015,1,20000010,1,20000010,1,
#10002020,,,,,,,,,,,,,,,,,
#10002029,NORMAL,,30000,10002030,20000025,1,20000020,1,20000020,1,20000015,1,20000015,1,20000015,1,
#10002030,,,,,,,,,,,,,,,,,
#10003001,NORMAL,,20000,10003002,20000021,1,20000021,1,20000016,1,20000016,1,20000011,1,20000011,1,
#10003002,,,,,,,,,,,,,,,,,
#10003003,NORMAL,,30000,10003004,20000025,1,20000020,1,20000020,1,20000015,1,20000015,1,20000015,1,
#10003004,,,,,,,,,,,,,,,,,
#10003005,NORMAL,,20000,10003006,20000021,1,20000021,1,20000016,1,20000016,1,20000011,1,20000011,1,
#10003006,,,,,,,,,,,,,,,,,
#10117009,NORMAL,,30000,10117010,20000025,1,20000024,1,20000024,1,20000019,1,20000019,1,20000019,1,
#10117010,,,,,,,,,,,,,,,,,
#10121015,NORMAL,,30000,10121016,20000025,1,20000024,1,20000024,1,20000019,1,20000019,1,20000019,1,
#10121016,,,,,,,,,,,,,,,,,
#10110001,NORMAL,,20000,10110002,20000020,1,20000020,1,20000015,1,20000015,1,20000010,1,20000010,1,
#10110002,,,,,,,,,,,,,,,,,
#10117013,NORMAL,,20000,10117014,20000021,1,20000021,1,20000016,1,20000016,1,20000011,1,20000011,1,
#10117014,,,,,,,,,,,,,,,,,
#10111009,NORMAL,,20000,10111010,20000020,1,20000020,1,20000015,1,20000015,1,20000010,1,20000010,1,
#10111010,,,,,,,,,,,,,,,,,
# 以下のデータはテストor仮,,,,,,,,,,,,,,,,,
#10115001,NORMAL,,30000,10115002,20000025,1,20000020,1,20000020,1,20000015,1,20000015,1,20000015,1,
#10115001,GOD,,30000,10115003,10120029,3,10120027,3,10120035,6,10120033,6,,,,,
#10115002,GOD,1,20000,10115003,10120029,2,10120027,2,10120035,3,10120033,3,,,,,
#10115003,NORMAL,1,20000,10115002,20000020,1,20000015,1,20000015,1,20000015,1,,,,,
#ID,進化合成,,,,,,,,,,,,,,,,
#,進化タイプ,レベル引き継ぎ,基礎費用,進化後ID,素材ID1,素材名声1,素材ID2,素材名声2,素材ID3,素材名声3,素材ID4,素材名声4,素材ID5,素材名声5,素材ID6,素材名声6,
#170526,,,,,,,,,,,,,,,,,
10218001,NORMAL,,30000,10218002,20000025,1,20000021,1,20000021,1,20000016,1,20000016,1,20000016,1,
10218002,,,,,,,,,,,,,,,,,
10218003,NORMAL,,30000,10218004,20000025,1,20000021,1,20000021,1,20000016,1,20000016,1,20000016,1,
10218004,,,,,,,,,,,,,,,,,
10218005,NORMAL,,30000,10218006,20000025,1,20000024,1,20000024,1,20000019,1,20000019,1,20000019,1,
10218006,,,,,,,,,,,,,,,,,
10218007,NORMAL,,30000,10218008,20000025,1,20000024,1,20000024,1,20000019,1,20000019,1,20000019,1,
10218008,,,,,,,,,,,,,,,,,
10218009,NORMAL,,20000,10218010,20000021,1,20000021,1,20000016,1,20000016,1,20000011,1,20000011,1,
10218010,,,,,,,,,,,,,,,,,
10218011,NORMAL,,20000,10218012,20000021,1,20000021,1,20000016,1,20000016,1,20000011,1,20000011,1,
10218012,,,,,,,,,,,,,,,,,
10218013,NORMAL,,20000,10218014,20000021,1,20000021,1,20000016,1,20000016,1,20000011,1,20000011,1,
10218014,,,,,,,,,,,,,,,,,
10218015,NORMAL,,20000,10218016,20000021,1,20000021,1,20000016,1,20000016,1,20000011,1,20000011,1,
10218016,,,,,,,,,,,,,,,,,
#10218017,NORMAL,,30000,10218018,20000025,1,20000024,1,20000024,1,20000019,1,20000019,1,20000019,1,
10218018,,,,,,,,,,,,,,,,,
#10218019,NORMAL,,30000,10218020,20000025,1,20000024,1,20000024,1,20000019,1,20000019,1,20000019,1,
10218020,,,,,,,,,,,,,,,,,
#10218021,NORMAL,,30000,10218022,20000025,1,20000021,1,20000021,1,20000016,1,20000016,1,20000016,1,
10218022,,,,,,,,,,,,,,,,,
#10218023,NORMAL,,30000,10218024,20000025,1,20000021,1,20000021,1,20000016,1,20000016,1,20000016,1,
10218024,,,,,,,,,,,,,,,,,
10147015,NORMAL,,30000,10147016,20000025,1,20000022,1,20000022,1,20000017,1,20000017,1,20000017,1,
10147016,,,,,,,,,,,,,,,,,
10147011,NORMAL,,30000,10147012,20000025,1,20000022,1,20000022,1,20000017,1,20000017,1,20000017,1,
10147012,,,,,,,,,,,,,,,,,
10147017,NORMAL,,30000,10147018,20000025,1,20000022,1,20000022,1,20000017,1,20000017,1,20000017,1,
10147018,,,,,,,,,,,,,,,,,
10147013,NORMAL,,30000,10147014,20000025,1,20000021,1,20000021,1,20000016,1,20000016,1,20000016,1,
10147014,,,,,,,,,,,,,,,,,
10147019,NORMAL,,20000,10147020,20000021,1,20000021,1,20000016,1,20000016,1,20000011,1,20000011,1,
10147020,,,,,,,,,,,,,,,,,
10218025,NORMAL,,30000,10218026,20000025,1,20000023,1,20000023,1,20000018,1,20000018,1,20000018,1,
10218026,,,,,,,,,,,,,,,,,
10218027,NORMAL,,30000,10218028,20000025,1,20000020,1,20000020,1,20000015,1,20000015,1,20000015,1,
10218028,,,,,,,,,,,,,,,,,
10218029,NORMAL,,30000,10218030,20000025,1,20000021,1,20000021,1,20000016,1,20000016,1,20000016,1,
10218030,,,,,,,,,,,,,,,,,
10218031,NORMAL,,30000,10218032,20000025,1,20000023,1,20000023,1,20000018,1,20000018,1,20000018,1,
10218032,,,,,,,,,,,,,,,,,
10218033,NORMAL,,30000,10218034,20000025,1,20000020,1,20000020,1,20000015,1,20000015,1,20000015,1,
10218034,,,,,,,,,,,,,,,,,
10218035,NORMAL,,30000,10218036,20000025,1,20000024,1,20000024,1,20000019,1,20000019,1,20000019,1,
10218036,,,,,,,,,,,,,,,,,
10218037,NORMAL,,30000,10218038,20000025,1,20000022,1,20000022,1,20000017,1,20000017,1,20000017,1,
10218038,,,,,,,,,,,,,,,,,
10218039,NORMAL,,30000,10218040,20000025,1,20000021,1,20000021,1,20000016,1,20000016,1,20000016,1,
10218040,,,,,,,,,,,,,,,,,
10218041,NORMAL,,30000,10218042,20000025,1,20000024,1,20000024,1,20000019,1,20000019,1,20000019,1,
10218042,,,,,,,,,,,,,,,,,
10218043,NORMAL,,30000,10218044,20000025,1,20000021,1,20000021,1,20000016,1,20000016,1,20000016,1,
10218044,,,,,,,,,,,,,,,,,
10218045,NORMAL,,30000,10218046,20000025,1,20000024,1,20000024,1,20000019,1,20000019,1,20000019,1,
10218046,,,,,,,,,,,,,,,,,
10218047,NORMAL,,30000,10218048,20000025,1,20000023,1,20000023,1,20000018,1,20000018,1,20000018,1,
10218048,,,,,,,,,,,,,,,,,
10218049,NORMAL,,30000,10218050,20000025,1,20000021,1,20000021,1,20000016,1,20000016,1,20000016,1,
10218050,,,,,,,,,,,,,,,,,
10218051,NORMAL,,30000,10218052,20000025,1,20000020,1,20000020,1,20000015,1,20000015,1,20000015,1,
10218052,,,,,,,,,,,,,,,,,
10127019,NORMAL,,30000,10127020,20000025,1,20000024,1,20000024,1,20000019,1,20000019,1,20000019,1,
10127020,,,,,,,,,,,,,,,,,
10129025,NORMAL,,20000,10129026,20000021,1,20000021,1,20000016,1,20000016,1,20000011,1,20000011,1,
10129026,,,,,,,,,,,,,,,,,
10127027,NORMAL,,20000,10127028,20000022,1,20000022,1,20000017,1,20000017,1,20000012,1,20000012,1,
10127028,,,,,,,,,,,,,,,,,
10218053,NORMAL,,30000,10218054,20000025,1,20000022,1,20000022,1,20000017,1,20000017,1,20000017,1,
10218054,,,,,,,,,,,,,,,,,
10127021,NORMAL,,30000,10127022,20000025,1,20000023,1,20000023,1,20000018,1,20000018,1,20000018,1,
10127022,,,,,,,,,,,,,,,,,
10127023,NORMAL,,20000,10127024,20000020,1,20000020,1,20000015,1,20000015,1,20000010,1,20000010,1,
10127024,,,,,,,,,,,,,,,,,
10127025,NORMAL,,20000,10127026,20000021,1,20000021,1,20000016,1,20000016,1,20000011,1,20000011,1,
10127026,,,,,,,,,,,,,,,,,
10218055,NORMAL,,30000,10218056,20000025,1,20000021,1,20000021,1,20000016,1,20000016,1,20000016,1,
10218056,,,,,,,,,,,,,,,,,
#ID,進化合成,,,,,,,,,,,,,,,,
#,進化タイプ,レベル引き継ぎ,基礎費用,進化後ID,素材ID1,素材名声1,素材ID2,素材名声2,素材ID3,素材名声3,素材ID4,素材名声4,素材ID5,素材名声5,素材ID6,素材名声6,
#170526,,,,,,,,,,,,,,,,,
10117009,NORMAL,,30000,10117010,20000025,1,20000020,1,20000020,1,20000015,1,20000015,1,20000015,1,
10117010,,,,,,,,,,,,,,,,,
10117007,NORMAL,,30000,10117008,20000025,1,20000020,1,20000020,1,20000015,1,20000015,1,20000015,1,
10117008,,,,,,,,,,,,,,,,,
10117001,NORMAL,,30000,10117002,20000025,1,20000022,1,20000022,1,20000017,1,20000017,1,20000017,1,
10117002,,,,,,,,,,,,,,,,,
10117004,NORMAL,,30000,10117005,20000025,1,20000020,1,20000020,1,20000015,1,20000015,1,20000015,1,
10117005,,,,,,,,,,,,,,,,,
10117011,NORMAL,,20000,10117012,20000022,1,20000022,1,20000017,1,20000017,1,20000012,1,20000012,1,
10117012,,,,,,,,,,,,,,,,,
10143027,NORMAL,,30000,10143028,20000025,1,20000022,1,20000022,1,20000017,1,20000017,1,20000017,1,
10143028,,,,,,,,,,,,,,,,,
10143035,NORMAL,,30000,10143036,20000025,1,20000022,1,20000022,1,20000017,1,20000017,1,20000017,1,
10143036,,,,,,,,,,,,,,,,,
10143037,NORMAL,,30000,10143038,20000025,1,20000020,1,20000020,1,20000015,1,20000015,1,20000015,1,
10143038,,,,,,,,,,,,,,,,,
10143039,NORMAL,,30000,10143040,20000025,1,20000020,1,20000020,1,20000015,1,20000015,1,20000015,1,
10143040,,,,,,,,,,,,,,,,,
10143033,NORMAL,1,20000,10143034,20000021,1,20000022,1,20000016,1,20000017,1,,,,,
10143034,NORMAL,1,20000,10143033,20000022,1,20000023,1,20000017,1,20000018,1,,,,,
10140017,NORMAL,,30000,10140018,20000025,1,20000024,1,20000024,1,20000019,1,20000019,1,20000019,1,
10140018,,,,,,,,,,,,,,,,,
10140013,NORMAL,,30000,10140014,20000025,1,20000023,1,20000023,1,20000018,1,20000018,1,20000018,1,
10140014,,,,,,,,,,,,,,,,,
10140015,NORMAL,,30000,10140016,20000025,1,20000021,1,20000021,1,20000016,1,20000016,1,20000016,1,
10140016,,,,,,,,,,,,,,,,,
10140011,NORMAL,,30000,10140012,20000025,1,20000023,1,20000023,1,20000018,1,20000018,1,20000018,1,
10140012,,,,,,,,,,,,,,,,,
10140019,NORMAL,,20000,10140020,20000022,1,20000022,1,20000017,1,20000017,1,20000012,1,20000012,1,
10140020,,,,,,,,,,,,,,,,,
10218057,NORMAL,,30000,10218058,20000025,1,20000020,1,20000020,1,20000015,1,20000015,1,20000015,1,
10218058,,,,,,,,,,,,,,,,,
10218059,,,,,,,,,,,,,,,,,
10218060,,,,,,,,,,,,,,,,,
10218061,,,,,,,,,,,,,,,,,
10218062,,,,,,,,,,,,,,,,,
10143050,,,,,,,,,,,,,,,,,
10143052,,,,,,,,,,,,,,,,,
10143054,,,,,,,,,,,,,,,,,
10143056,,,,,,,,,,,,,,,,,
10117023,NORMAL,,30000,10117024,20000025,1,20000022,1,20000022,1,20000017,1,20000017,1,20000017,1,
10117024,,,,,,,,,,,,,,,,,
10117031,NORMAL,,30000,10117032,20000025,1,20000024,1,20000024,1,20000019,1,20000019,1,20000019,1,
10117032,,,,,,,,,,,,,,,,,
10117029,NORMAL,,30000,10117030,20000025,1,20000023,1,20000023,1,20000018,1,20000018,1,20000018,1,
10117030,,,,,,,,,,,,,,,,,
10117026,NORMAL,,30000,10117027,20000025,1,20000023,1,20000023,1,20000018,1,20000018,1,20000018,1,
10117027,,,,,,,,,,,,,,,,,
10143013,NORMAL,,30000,10143014,20000025,1,20000022,1,20000022,1,20000017,1,20000017,1,20000017,1,
10143014,,,,,,,,,,,,,,,,,
10143017,NORMAL,,30000,10143018,20000025,1,20000020,1,20000020,1,20000015,1,20000015,1,20000015,1,
10143018,,,,,,,,,,,,,,,,,
10143015,NORMAL,,20000,10143016,20000021,1,20000021,1,20000016,1,20000016,1,20000011,1,20000011,1,
10143016,,,,,,,,,,,,,,,,,
10143011,NORMAL,,30000,10143012,20000025,1,20000024,1,20000024,1,20000019,1,20000019,1,20000019,1,
10143012,,,,,,,,,,,,,,,,,
10143019,NORMAL,,20000,10143020,20000020,1,20000020,1,20000015,1,20000015,1,20000010,1,20000010,1,
10143020,,,,,,,,,,,,,,,,,
10218063,NORMAL,,30000,10218064,20000025,1,20000020,1,20000020,1,20000015,1,20000015,1,20000015,1,
10218064,,,,,,,,,,,,,,,,,
